id,org,locale,support,error,junit,java,test,version,failed,derby,sqlstate,delete,found,rows,server,user,file,alpha,database,trigger,permission,log,security,tests,class,denied,access,thread,logtofile,run,select,c,files,read,stored,exception,sun,securitymanager,following,using,running,set,check,mode,privilege,socket,fail,filepermission,end,fileoutputstream,information,encrypted,data,fails,problem,manager,db,need,network,authentication,encryption,revoke,sql,needs,procedure,port,would,failures,drop,ant,contains,write,like,buglabel
1129.txt,4,0,0,15,2,18,13,0,0,13,0,0,2,0,36,0,0,0,0,0,0,2,5,9,2,0,0,6,0,6,0,151,0,6,0,24,2,0,0,0,0,0,0,0,4,8,1,0,6,0,0,0,0,0,0,0,6,0,0,0,0,0,2,0,0,8,0,0,0,0,0,0,0,1
1156.txt,0,0,0,0,0,0,0,0,0,0,0,0,0,0,0,0,9,0,2,0,0,11,0,0,0,0,2,0,0,0,0,84,6,3,0,0,0,0,0,1,0,1,2,0,0,0,1,0,2,0,0,11,7,1,0,0,9,3,0,0,3,0,0,1,0,0,0,0,1,3,0,0,0,1
1174.txt,1,0,0,0,0,0,0,0,0,7,0,0,0,0,3,0,0,0,0,0,0,1,0,0,0,0,0,0,0,1,0,40,0,0,0,4,0,0,0,0,0,2,1,0,0,0,0,0,0,0,0,0,0,0,4,0,3,1,3,6,0,0,0,0,0,0,1,0,0,0,0,0,1,1
1496.txt,0,0,0,0,2,3,3,0,0,3,0,0,0,0,0,2,1,0,0,0,0,0,4,2,0,0,0,0,0,0,0,39,1,0,0,6,0,0,0,0,0,0,1,0,0,0,1,0,0,0,0,0,0,1,0,2,2,1,0,0,2,0,0,1,0,2,0,0,0,0,0,0,0,1
1521.txt,0,0,0,0,0,0,4,0,0,0,0,0,0,0,0,0,0,0,0,0,0,0,0,0,0,0,0,0,0,0,0,2,0,0,0,0,0,0,0,0,0,0,0,0,0,0,0,0,0,0,0,0,0,0,0,0,0,1,0,0,0,2,0,1,0,0,0,0,0,2,0,0,0,1
1538.txt,0,11,9,0,0,11,1,12,0,10,1,3,9,4,0,4,0,11,0,0,0,0,0,0,1,0,0,0,0,3,4,53,0,0,0,1,1,0,0,0,0,1,0,0,3,0,0,0,1,0,3,0,0,0,0,0,3,0,0,0,0,3,2,0,0,10,0,0,0,1,0,0,0,1
1539.txt,0,0,0,0,0,0,0,0,0,4,0,0,0,0,0,0,0,0,0,4,0,0,0,0,0,0,0,0,0,0,0,8,0,0,0,0,0,0,0,1,0,0,0,0,3,0,0,0,1,0,0,0,0,0,0,1,0,0,0,0,0,2,0,0,0,0,0,0,2,0,0,0,0,1
1541.txt,1,0,1,0,0,1,11,0,0,1,0,0,0,0,0,0,5,0,0,0,1,0,2,3,0,0,0,0,0,2,0,12,5,2,0,0,0,0,0,0,0,0,0,0,0,0,1,0,0,0,0,0,0,1,0,2,2,1,0,0,0,0,0,0,0,1,0,0,0,0,0,0,0,1
1545.txt,4,0,0,0,0,20,14,0,0,10,0,0,0,0,0,0,1,0,0,0,4,1,9,4,0,1,6,1,0,0,0,76,0,1,0,2,1,4,0,0,0,0,4,0,0,9,2,0,0,0,0,0,0,1,0,6,0,0,0,0,0,0,0,0,0,0,0,0,0,0,0,0,0,1
1643.txt,0,0,0,0,0,0,0,0,0,4,0,0,0,0,0,0,0,0,0,0,0,0,0,0,0,0,0,0,0,0,0,28,0,0,0,2,0,0,0,0,0,0,0,0,2,0,2,0,4,0,0,0,0,0,0,0,0,1,0,0,0,4,0,0,0,0,0,0,0,0,0,0,0,1
1729.txt,2,11,9,0,0,18,9,12,2,11,0,18,9,11,0,4,1,11,0,7,0,0,0,3,1,0,0,0,0,4,18,105,1,0,2,0,1,0,1,0,0,4,4,3,0,0,6,0,1,0,3,0,0,0,0,0,4,0,0,1,0,7,9,0,7,9,0,0,2,7,6,0,0,1
1760.txt,0,0,0,1,6,6,11,0,0,27,0,0,1,0,2,0,0,1,0,0,0,0,0,4,2,0,1,0,0,0,0,54,0,1,0,0,0,0,0,1,0,0,3,0,0,0,12,0,0,0,0,0,5,1,0,0,6,0,0,0,0,0,1,0,1,0,0,2,0,0,0,0,0,1
1832.txt,0,30,27,0,0,8,2,0,1,12,0,0,27,0,0,0,1,0,0,0,4,0,0,0,9,4,4,0,0,0,0,55,0,4,0,0,1,0,0,0,0,0,0,0,0,0,2,0,1,0,0,0,0,1,0,0,0,0,0,0,0,0,0,0,0,27,0,0,0,0,0,0,0,1
1849.txt,0,0,0,28,0,2,2,0,35,6,28,36,4,12,0,50,1,0,0,10,0,0,0,1,0,0,0,0,0,0,34,115,0,0,0,2,0,0,0,0,0,10,8,8,0,0,44,0,1,0,0,0,0,1,0,0,8,0,0,0,0,25,40,0,0,0,0,0,2,7,0,0,0,1
1900.txt,0,0,0,0,0,0,0,0,0,3,0,0,0,0,0,0,0,0,0,0,2,0,0,0,0,0,0,0,0,0,0,10,0,0,0,0,0,0,0,0,0,0,0,0,0,0,0,0,0,0,0,0,0,0,0,0,2,0,0,0,0,0,0,0,0,0,0,0,0,0,0,0,0,1
1909.txt,0,0,0,0,0,0,1,0,0,0,0,1,0,0,0,0,0,0,0,0,0,0,0,1,0,0,0,0,0,0,0,29,0,0,0,0,0,0,2,0,0,0,1,1,4,0,0,0,0,0,0,0,0,0,1,0,0,7,0,0,0,1,4,5,0,0,0,0,8,6,0,0,0,1
198.txt,1,0,3,0,0,0,0,0,0,0,0,0,0,0,2,3,0,0,1,0,0,0,4,0,0,0,0,0,0,0,0,14,0,0,0,0,0,0,0,0,0,0,0,0,0,0,0,0,0,0,0,1,1,0,0,0,1,0,2,0,0,0,0,0,0,3,1,0,0,0,0,0,0,1
2040.txt,0,0,0,0,0,0,0,0,0,3,0,0,0,0,0,0,0,0,2,0,0,0,4,0,3,0,0,0,0,0,0,11,0,0,0,1,0,1,0,0,0,2,0,0,0,0,1,0,0,0,0,0,2,0,0,3,0,0,0,0,0,0,0,0,0,0,0,0,0,0,0,0,0,1
2108.txt,0,0,0,0,0,0,0,0,0,0,0,0,0,0,2,0,0,0,0,0,0,0,0,0,0,0,0,0,0,0,0,6,0,0,0,0,0,0,0,0,0,0,0,0,0,0,0,0,0,0,0,0,0,0,0,0,0,0,0,0,0,0,0,0,0,0,0,0,0,0,0,0,0,1
2254.txt,48,0,0,0,0,50,2,0,5,57,0,0,0,1,0,3,45,0,5,0,0,86,0,0,2,0,1,14,24,7,0,193,0,14,3,1,2,0,2,2,1,5,6,0,0,0,9,0,4,0,0,0,9,0,0,6,7,0,0,0,0,0,4,0,0,2,1,0,0,3,1,0,2,1
2265.txt,6,0,0,1,1,10,22,0,0,7,0,0,1,0,1,0,0,0,0,0,0,1,3,7,0,0,0,1,0,10,0,39,0,1,0,2,0,0,1,1,1,1,0,0,0,0,0,0,1,0,0,0,0,0,0,0,0,0,0,0,0,0,0,0,0,0,0,0,0,0,0,0,0,1
2268.txt,0,0,0,0,4,2,4,0,0,0,0,0,0,0,0,0,1,0,0,0,1,0,1,1,0,1,3,1,0,4,0,14,0,1,0,4,0,0,1,0,0,0,0,0,0,0,0,1,0,0,0,0,0,0,0,0,0,0,0,0,0,0,0,0,0,0,0,0,0,0,0,1,0,1
238.txt,0,0,0,0,0,0,5,0,0,0,0,0,0,0,0,0,0,0,1,0,0,0,0,0,0,0,0,0,0,1,0,14,0,0,0,0,0,0,0,0,0,0,0,0,0,0,0,0,0,0,0,0,1,0,0,0,0,0,0,0,6,0,0,0,0,0,0,0,0,0,0,0,1,1
2556.txt,1,0,0,0,0,0,0,0,0,3,0,0,1,1,0,0,1,0,1,0,1,0,2,0,0,0,1,0,0,0,0,30,0,0,0,2,0,0,0,2,0,0,0,0,2,0,0,0,0,0,0,0,1,0,0,0,2,0,0,0,0,0,0,0,0,0,0,0,0,1,0,0,0,1
2564.txt,0,0,0,0,0,0,0,0,0,0,0,0,0,0,1,0,1,0,0,0,1,0,2,0,0,0,0,2,0,0,0,13,0,2,0,1,0,0,0,0,0,0,0,0,1,0,0,0,0,0,0,0,0,0,0,0,0,2,1,0,0,0,0,0,0,0,0,0,0,0,0,0,0,1
2606.txt,0,0,0,4,0,0,0,0,2,8,0,0,0,0,0,1,0,0,0,0,0,5,0,0,0,0,0,0,0,1,0,11,0,0,0,0,0,0,0,2,0,1,0,0,0,0,2,0,0,0,0,0,0,0,0,0,1,0,0,0,0,0,0,0,0,0,2,0,0,1,0,0,0,1
2754.txt,0,0,0,0,0,1,2,0,0,4,0,0,0,0,2,0,0,0,0,0,3,0,0,2,0,1,2,0,0,1,0,18,0,2,0,1,0,0,0,0,1,0,0,0,0,0,2,0,0,0,0,0,0,0,0,0,0,0,1,0,0,0,0,0,0,0,0,0,0,2,0,0,0,1
2796.txt,0,0,1,2,0,0,0,0,0,0,0,0,0,0,1,0,1,0,0,0,0,0,0,0,0,0,0,0,0,0,0,12,0,0,0,0,0,0,0,1,0,0,0,0,0,0,0,0,0,0,0,0,0,0,0,0,0,0,0,0,0,0,0,0,0,1,0,0,0,0,0,0,0,1
2874.txt,3,0,0,2,0,16,1,0,0,12,0,0,0,0,11,3,1,0,1,0,4,3,12,1,0,2,7,2,0,3,0,82,0,3,0,1,0,4,3,3,1,0,3,0,1,6,0,0,1,0,0,0,1,0,0,8,0,0,3,2,0,0,1,0,0,1,0,0,0,0,0,0,2,1
2893.txt,0,0,0,0,0,0,5,0,0,0,1,0,0,0,0,0,0,0,0,0,3,0,0,0,0,0,0,0,0,0,0,20,0,0,0,1,0,0,0,0,0,0,0,0,6,0,7,0,0,0,0,0,0,0,1,0,0,1,0,0,0,1,4,1,0,1,0,0,0,3,0,0,1,1
3153.txt,4,0,0,2,23,18,18,2,0,4,0,0,0,0,0,1,8,0,0,0,5,0,8,10,0,1,8,1,0,11,0,72,0,1,0,5,0,4,1,0,3,0,4,0,1,0,2,1,0,4,0,0,0,0,0,4,2,1,0,0,0,0,0,0,0,0,0,2,0,11,0,7,0,1
3160.txt,0,0,0,0,0,0,0,0,0,1,0,0,0,0,0,11,0,0,0,0,0,0,0,0,0,0,2,0,0,0,0,15,0,0,0,0,0,0,0,0,0,0,0,0,0,0,0,0,0,0,2,0,0,0,0,0,0,1,0,0,0,0,2,1,0,2,0,0,0,1,0,0,0,1
3174.txt,8,0,0,0,0,27,8,0,0,9,0,0,0,0,8,0,9,0,0,0,5,1,9,0,0,2,9,4,0,4,0,86,0,4,0,2,0,4,0,0,0,2,4,0,1,0,2,2,0,4,0,0,0,1,1,4,0,0,6,0,0,0,0,0,0,0,0,0,0,0,0,5,0,1
3202.txt,10,0,0,13,3,31,53,0,3,20,0,1,0,0,0,0,28,0,0,0,10,17,12,19,0,7,23,0,0,1,0,133,2,8,0,7,3,4,0,0,0,2,4,0,0,0,5,7,0,0,0,0,0,0,0,4,1,0,0,0,0,0,0,0,0,0,0,0,0,0,0,0,0,1
324.txt,0,0,0,2,0,5,3,0,1,0,0,0,0,0,0,0,0,0,0,0,0,0,3,0,0,0,0,0,0,1,0,25,0,0,0,6,0,0,2,0,1,0,0,0,0,0,2,0,1,0,0,0,0,1,2,0,0,0,0,0,3,0,1,0,0,1,0,0,0,0,1,0,1,1
3266.txt,0,15,13,2,0,13,2,16,0,37,0,1,13,3,1,21,0,0,3,0,0,2,0,0,1,0,3,0,0,2,0,77,0,0,0,0,1,0,0,0,0,2,0,0,0,0,0,0,1,0,3,0,3,0,1,0,16,0,1,2,0,0,1,0,0,13,1,0,0,1,0,0,1,1
3549.txt,1,0,0,3,0,1,0,1,0,3,0,0,0,1,0,1,0,0,3,0,0,0,0,0,0,0,0,0,0,0,0,21,0,2,0,0,0,0,0,0,0,0,0,2,0,0,4,0,0,0,0,0,3,1,0,0,5,0,0,4,0,0,0,0,0,2,0,0,0,0,0,0,0,1
3558.txt,12,0,2,1,12,39,57,7,0,15,0,0,0,0,16,0,0,4,0,0,2,0,7,26,0,2,14,0,0,11,0,119,0,0,0,6,16,0,1,0,0,22,2,0,1,0,1,0,0,0,0,0,0,0,0,0,0,0,0,0,0,0,0,0,0,2,0,0,0,9,0,0,0,1
3657.txt,1,0,0,0,0,1,0,0,0,5,0,0,0,0,3,2,0,0,0,0,2,0,2,0,0,0,0,0,0,1,0,32,0,0,0,0,0,0,0,0,0,0,0,0,0,0,0,0,0,0,0,0,0,0,0,0,0,2,0,0,0,0,0,1,0,0,0,0,0,0,1,0,0,1
3736.txt,0,0,0,0,0,0,0,0,0,0,0,0,0,0,0,1,0,0,0,0,0,0,0,0,0,0,0,0,0,0,2,12,0,0,0,0,0,0,0,0,0,0,0,0,5,0,0,0,2,0,0,0,0,0,0,0,0,0,0,0,0,1,0,0,0,0,0,0,0,0,0,0,0,1
3743.txt,0,0,0,0,0,0,0,0,0,0,0,0,0,0,0,0,0,0,0,2,0,0,0,0,0,0,0,0,0,0,0,20,0,0,0,0,0,0,0,0,0,0,1,0,4,0,1,0,1,0,0,0,0,0,1,0,0,0,0,0,0,3,0,0,0,0,0,0,0,0,0,0,0,1
3745.txt,4,0,0,0,0,13,0,0,0,7,0,0,0,0,1,1,0,0,0,0,0,0,0,0,8,0,0,16,0,8,0,52,0,16,1,0,0,0,0,0,5,1,0,0,0,0,0,0,0,0,0,0,0,0,0,1,0,1,0,0,0,0,0,0,0,1,0,0,0,1,0,0,1,1
3777.txt,0,0,0,0,0,0,2,0,1,0,0,0,0,0,2,0,0,0,0,0,0,0,0,0,0,0,0,0,0,0,0,2,0,0,0,0,0,0,0,0,0,0,0,0,0,0,1,0,0,0,0,0,0,0,0,0,0,0,1,0,0,0,0,0,0,0,0,0,0,0,0,0,0,1
4038.txt,0,0,0,0,0,0,0,0,0,0,0,0,0,0,0,0,0,0,0,0,0,0,0,0,0,0,2,0,0,0,0,10,0,0,0,0,0,0,0,0,0,0,0,0,0,0,2,0,0,0,0,0,0,2,1,0,0,0,0,0,4,0,2,0,0,0,0,0,0,0,0,0,0,1
4072.txt,22,0,0,7,0,23,0,0,0,24,0,1,0,0,0,4,18,0,6,0,2,16,0,0,0,0,0,0,8,3,0,143,3,1,0,6,0,0,1,0,0,0,0,0,0,0,0,0,1,0,0,0,15,0,0,5,11,0,0,0,0,0,2,0,0,0,2,0,0,0,0,2,0,1
42.txt,0,0,0,0,0,0,0,0,0,1,0,0,0,0,0,0,0,0,3,0,0,0,1,0,0,0,0,0,0,0,0,10,0,0,3,0,0,0,0,2,0,0,0,0,0,0,0,0,0,0,2,0,3,0,0,0,0,0,0,0,3,0,0,0,0,0,0,0,0,0,0,0,0,1
4201.txt,6,0,0,3,32,35,82,0,4,12,0,0,0,0,14,0,0,0,0,0,0,0,0,49,0,0,7,0,0,22,0,88,0,0,0,0,4,0,0,0,0,50,0,0,0,0,7,0,0,0,0,0,0,0,0,0,0,0,5,0,0,0,0,0,0,1,0,2,0,0,0,0,0,1
4276.txt,0,0,1,0,0,2,0,0,0,0,0,0,0,0,1,0,0,0,0,0,0,0,0,0,0,0,0,0,0,0,0,8,0,0,0,0,0,0,0,0,0,0,0,0,0,0,0,0,0,0,0,0,0,0,0,0,6,0,0,0,0,0,0,0,0,1,0,0,0,0,0,0,0,1
4292.txt,2,0,0,0,0,0,0,0,0,2,0,0,1,0,0,0,7,0,0,0,0,0,2,0,1,0,0,0,0,2,0,20,1,0,0,1,0,2,0,0,2,0,0,0,2,0,0,0,0,0,0,0,0,0,1,2,0,0,0,0,0,0,0,0,0,0,0,0,0,0,0,0,0,1
4293.txt,2,0,0,0,0,0,0,0,0,2,0,0,0,0,0,0,0,0,0,0,0,0,0,0,0,0,1,0,0,0,0,17,0,0,0,0,0,0,1,0,0,0,0,0,0,0,0,0,1,0,0,0,0,0,1,0,0,0,0,0,0,0,1,0,0,0,1,0,0,2,0,0,0,1
4321.txt,0,0,0,4,0,0,9,0,1,0,0,0,0,0,1,0,0,0,1,0,0,0,0,0,0,0,1,0,0,0,0,16,0,2,0,0,0,0,0,0,0,0,0,0,0,0,2,0,0,0,0,1,2,0,0,0,0,1,1,0,1,0,0,1,0,0,0,0,0,0,0,0,0,1
4326.txt,1,0,0,1,0,8,4,0,0,1,0,0,0,0,1,0,0,0,0,0,0,0,2,0,0,0,0,1,0,4,0,23,0,1,0,2,0,0,0,0,2,5,0,0,0,8,0,0,0,0,0,0,0,0,0,0,0,0,1,0,0,0,0,0,0,0,0,0,0,0,0,0,0,1
4551.txt,0,0,0,0,0,0,0,0,0,2,0,0,0,0,0,15,0,0,8,0,8,2,0,0,0,0,0,0,0,2,3,56,0,0,10,0,0,0,1,0,0,0,0,0,0,0,0,0,3,0,0,1,15,0,1,0,15,0,0,1,0,1,1,0,9,0,0,0,0,1,0,0,0,1
4602.txt,17,0,3,3,0,4,30,0,0,21,0,0,2,0,0,0,2,0,3,0,0,0,0,11,0,0,0,0,0,2,0,105,0,0,0,9,1,0,1,0,0,2,1,0,0,0,5,0,1,0,0,0,3,0,0,0,15,1,0,9,0,0,6,0,0,3,0,4,0,0,0,0,2,1
485.txt,0,0,0,0,0,0,2,0,0,1,0,0,1,0,0,0,1,0,2,0,0,0,2,0,3,0,0,0,0,0,0,13,1,0,1,3,0,0,0,0,0,0,0,0,0,0,0,0,0,0,0,0,2,0,0,0,0,0,0,0,0,0,0,0,0,0,1,0,0,0,0,0,1,1
4859.txt,4,0,0,9,0,18,9,0,1,6,0,0,0,0,0,0,9,0,4,0,6,0,9,4,13,2,9,0,0,3,0,93,0,0,0,6,0,4,1,0,1,0,4,0,2,0,3,2,0,4,0,0,4,2,0,5,1,0,0,0,0,0,4,0,0,2,0,0,0,0,0,6,0,1
622.txt,0,0,0,0,0,3,2,0,0,3,0,0,0,0,0,0,5,0,0,0,5,0,1,1,0,0,1,0,0,1,0,19,3,3,0,0,0,0,0,0,1,0,0,0,1,0,0,1,0,0,0,0,0,0,0,0,0,1,0,0,0,0,0,0,0,0,0,0,0,0,0,0,0,1
623.txt,0,0,0,0,0,2,2,0,0,3,0,0,0,0,1,0,0,0,0,0,5,0,0,1,0,0,1,0,0,0,0,8,0,3,0,0,0,0,0,2,0,0,0,0,2,0,0,0,0,0,0,0,0,0,0,0,0,0,1,0,0,0,0,0,0,0,0,0,0,2,1,0,0,1
656.txt,14,0,0,0,0,16,2,0,0,15,0,0,0,0,0,0,0,0,2,0,7,0,10,0,9,1,11,0,0,1,0,139,0,0,0,2,0,6,0,2,0,6,5,0,0,0,0,0,0,0,0,0,4,0,0,6,4,1,0,0,0,0,7,0,0,0,1,0,0,2,0,0,0,1
857.txt,0,0,0,1,0,4,1,0,0,0,0,0,0,0,0,2,1,0,0,0,4,0,3,0,0,1,2,0,0,1,0,31,0,0,0,3,0,0,0,0,1,0,0,0,0,2,1,0,0,0,0,0,0,1,0,2,1,0,0,1,0,0,1,0,0,0,0,0,0,0,0,0,0,1
918.txt,2,0,0,0,12,8,28,0,0,4,0,0,0,0,0,0,0,0,0,0,0,0,0,7,8,0,0,0,0,10,0,30,0,0,0,0,0,0,0,0,1,1,0,0,0,0,0,0,0,0,0,0,0,0,0,0,0,1,0,0,0,0,2,0,0,0,1,0,0,0,0,0,1,1
1007.txt,1,0,0,0,0,0,0,0,0,2,0,0,0,0,0,0,0,0,0,0,0,0,0,0,0,0,1,1,0,0,7,91,0,1,0,0,0,0,1,0,0,0,0,0,0,0,0,0,1,0,0,0,0,0,1,0,1,0,0,0,0,0,0,0,0,0,0,0,0,0,0,0,0,0
1009.txt,0,0,0,0,0,1,1,0,0,0,0,0,0,0,0,0,0,0,0,0,0,0,0,0,0,0,0,0,0,0,0,34,0,0,0,0,0,0,0,0,0,2,3,0,0,0,1,0,0,0,0,0,3,0,0,0,1,0,0,0,0,0,1,0,0,0,0,0,0,0,0,0,0,0
1052.txt,14,0,0,4,0,19,5,0,0,14,2,0,0,0,4,0,0,0,0,0,0,0,4,2,0,0,0,0,0,0,0,131,0,0,0,10,0,0,0,0,0,0,3,0,3,3,2,0,0,0,0,0,7,0,0,0,10,0,0,0,0,0,7,0,0,3,0,0,0,0,0,0,0,0
1072.txt,0,0,0,4,0,0,0,0,0,0,0,0,0,0,0,0,0,0,1,0,0,0,0,0,0,0,0,0,0,0,0,1,0,0,0,0,0,0,0,0,0,0,0,0,0,0,0,0,0,0,0,0,1,0,0,0,0,0,0,0,0,0,0,0,0,0,0,0,2,0,0,0,1,0
1089.txt,19,0,0,1,0,3,4,2,1,25,0,12,1,3,0,0,0,0,5,0,0,1,0,0,2,0,0,2,0,0,5,138,0,2,0,3,0,0,0,0,0,2,0,0,0,0,2,0,0,0,0,0,5,1,2,0,3,0,0,0,0,0,10,0,0,0,0,0,0,1,0,0,0,0
1101.txt,0,0,0,0,0,0,0,0,0,0,0,0,0,0,0,0,0,0,0,0,0,0,0,0,0,0,0,0,0,0,0,14,0,0,0,0,0,0,0,1,0,8,0,0,0,0,0,0,0,0,0,0,0,0,0,0,0,0,0,0,0,0,0,0,3,0,0,0,0,0,0,0,0,0
1127.txt,12,0,0,2,0,26,9,0,1,16,0,0,1,0,1,0,0,0,4,0,0,1,0,5,0,0,0,8,0,0,0,121,0,12,0,2,0,0,0,0,0,10,0,0,0,0,3,0,21,0,0,0,6,0,0,0,1,0,1,0,0,0,18,0,1,0,0,0,1,0,0,0,0,0
1132.txt,0,0,1,12,0,0,1,0,0,1,4,0,0,0,0,0,0,0,1,0,0,0,0,0,0,0,0,0,0,3,4,52,0,0,0,0,0,0,0,2,0,4,0,1,0,0,1,0,0,0,0,0,1,1,0,0,1,0,1,0,0,0,5,0,0,1,0,0,0,0,0,0,2,0
1144.txt,0,0,0,0,0,0,5,0,0,2,0,0,2,1,0,0,1,0,0,0,0,0,0,0,0,0,0,0,0,0,0,61,0,0,0,1,0,0,0,0,0,9,0,0,0,0,2,0,0,0,0,0,2,1,0,0,0,0,0,0,0,0,1,0,0,0,0,0,0,0,0,0,0,0
1155.txt,0,0,0,0,0,1,0,0,0,0,0,0,0,0,0,0,0,0,0,0,0,0,0,0,1,0,0,0,0,0,0,49,0,0,0,0,0,0,0,0,0,0,0,0,0,0,0,0,3,0,0,0,0,0,0,0,2,0,0,0,0,0,1,0,0,0,0,0,0,0,0,0,0,0
1157.txt,0,0,0,0,0,0,2,0,0,0,0,0,0,0,0,0,0,0,0,0,0,0,0,0,0,0,0,0,0,0,0,13,0,0,0,0,0,0,0,0,0,0,0,0,0,0,0,0,1,0,0,0,4,0,0,0,2,0,0,0,0,0,0,0,0,0,0,0,0,0,0,0,0,0
1159.txt,0,0,0,0,0,0,0,0,0,0,1,0,0,1,0,0,0,0,0,0,0,0,0,0,0,0,0,0,0,0,0,34,0,0,0,3,0,0,0,0,0,4,0,0,0,0,0,0,0,0,0,0,0,0,0,0,0,0,0,0,0,0,1,0,0,0,0,0,0,0,0,0,0,0
1216.txt,0,0,0,0,0,0,0,0,0,0,0,0,0,0,0,0,0,0,0,0,0,0,0,0,0,0,0,0,0,0,0,5,0,0,0,0,0,0,0,0,0,0,0,0,0,0,0,0,1,0,0,0,0,0,0,0,0,0,0,0,0,0,0,0,0,0,0,0,0,0,0,0,0,0
122.txt,0,0,0,0,0,0,1,0,0,0,0,0,0,0,0,0,0,0,0,0,0,0,0,1,0,0,0,0,0,1,0,3,0,0,0,0,0,0,0,0,0,1,0,0,0,0,0,0,0,0,0,0,0,0,0,0,0,0,0,0,0,0,0,0,0,0,0,0,0,0,0,0,0,0
123.txt,0,0,0,0,0,1,0,0,0,2,0,0,0,0,0,0,0,0,2,0,0,0,0,0,0,0,0,0,0,0,0,42,0,0,0,0,0,0,0,3,0,5,0,0,0,0,0,0,2,0,0,0,2,0,1,0,0,0,0,0,0,0,3,0,0,0,1,0,0,0,0,0,0,0
1231.txt,0,0,0,0,0,0,0,0,0,0,0,0,0,1,0,0,0,0,0,0,0,0,0,0,0,0,0,0,0,0,2,7,0,0,0,0,0,0,0,0,0,2,0,0,0,0,0,0,0,0,0,0,0,0,0,0,0,0,0,0,0,0,1,0,0,0,0,0,0,0,0,0,4,0
1235.txt,0,0,0,0,0,0,0,0,0,0,0,0,0,0,0,0,0,0,0,0,0,0,0,0,0,0,0,0,0,0,0,2,0,0,0,0,0,0,0,0,0,2,0,0,0,0,0,0,0,0,0,0,0,0,0,0,0,0,0,0,0,0,0,0,0,0,0,0,0,0,0,0,0,0
1236.txt,0,0,0,0,0,0,0,0,0,0,0,0,0,0,0,0,0,0,0,0,0,0,0,0,0,0,0,0,0,0,0,14,0,0,0,0,0,0,1,0,0,2,0,0,0,0,0,0,0,0,0,0,0,0,0,0,1,0,0,0,0,0,0,0,0,0,0,0,0,0,0,0,0,0
1254.txt,0,0,0,1,0,2,3,0,0,3,0,0,0,0,1,0,0,0,0,0,0,1,0,0,0,0,0,0,0,1,0,50,0,0,0,0,0,0,0,3,1,0,0,0,0,0,0,0,0,0,0,0,1,0,1,0,1,0,1,0,0,0,0,0,0,0,0,0,0,0,0,0,0,0
1255.txt,0,0,0,0,0,0,0,0,0,0,0,0,0,0,0,0,0,0,0,0,0,0,0,0,0,0,0,0,0,0,0,12,0,0,0,0,0,0,0,0,0,0,0,0,0,0,0,0,0,0,0,0,0,0,0,0,1,0,1,0,0,0,0,0,0,0,0,0,0,0,0,0,0,0
127.txt,0,0,0,2,0,0,1,0,0,2,0,0,0,0,0,0,0,0,0,0,0,0,0,0,0,0,0,0,0,0,5,123,0,0,0,0,0,0,2,1,0,0,0,0,0,0,0,0,0,0,0,0,0,0,1,9,0,0,0,0,0,0,2,0,0,0,0,0,0,0,0,0,0,0
1322.txt,0,0,0,0,0,1,0,0,0,0,0,1,1,0,0,0,0,0,0,0,0,0,0,0,0,0,0,0,0,0,0,8,0,0,0,0,0,0,0,0,0,4,0,0,0,0,1,0,0,0,0,0,0,0,1,0,0,0,0,0,0,0,1,0,0,0,0,0,0,0,0,0,0,0
1324.txt,11,0,0,0,0,22,0,0,0,14,0,0,0,0,0,1,1,0,3,1,0,1,0,0,1,0,0,0,0,1,0,66,1,0,0,0,0,0,0,0,0,0,1,0,0,0,0,0,0,0,0,0,3,0,0,1,5,1,0,0,0,0,1,0,0,0,0,0,0,0,0,0,0,0
1325.txt,0,0,0,0,0,0,0,0,0,0,0,0,0,0,0,0,0,0,0,0,0,0,0,0,0,0,0,0,0,0,0,18,0,0,1,0,0,0,0,2,0,2,0,0,0,0,0,0,1,0,0,0,0,0,2,0,1,0,0,0,0,0,3,0,0,0,0,0,0,0,0,0,1,0
1327.txt,1,0,0,2,0,6,6,1,0,4,0,0,0,6,0,0,0,1,4,0,0,4,0,0,2,0,0,0,0,1,3,290,0,1,0,10,0,0,1,1,0,4,11,0,0,0,0,0,0,0,0,0,7,0,8,2,3,0,0,0,0,0,14,0,0,5,0,0,7,1,0,0,0,0
1339.txt,0,0,0,0,0,0,0,0,0,0,0,0,0,0,1,0,2,0,0,0,0,0,0,0,0,0,0,0,0,0,0,7,0,0,0,0,0,0,0,0,0,0,0,0,0,0,0,0,0,0,0,0,0,0,0,0,0,0,1,0,0,0,0,0,0,0,0,0,0,0,0,0,0,0
1351.txt,0,0,0,0,0,0,1,0,1,8,0,0,0,0,0,0,0,0,0,0,0,0,0,0,0,0,0,0,0,0,0,13,0,0,0,0,0,0,0,0,0,0,0,0,0,0,2,0,1,0,0,0,0,1,0,0,0,0,0,0,0,0,5,0,0,0,0,0,0,0,0,0,0,0
1380.txt,0,0,0,0,0,0,0,0,0,2,0,0,0,1,0,0,0,0,0,0,0,0,0,0,0,0,0,0,0,0,0,16,0,0,0,2,0,0,0,0,0,1,0,0,0,0,0,0,0,0,0,0,0,0,0,0,0,0,0,0,0,0,1,0,0,0,0,0,0,0,0,0,0,0
1416.txt,1,0,0,0,0,0,2,0,0,1,0,0,0,0,0,0,0,0,0,0,0,0,0,0,0,0,0,0,0,0,0,5,0,0,0,0,0,0,0,0,0,0,0,0,0,0,0,0,0,0,0,0,0,0,0,0,1,0,0,0,0,0,0,0,0,0,0,0,0,0,0,0,0,0
1431.txt,0,0,0,0,0,0,0,0,0,0,0,0,0,0,0,0,0,0,0,0,0,0,0,0,0,0,0,0,0,0,0,3,0,2,0,0,0,0,0,0,0,0,0,0,0,0,0,0,0,0,0,0,0,0,0,0,0,0,0,0,0,0,0,0,0,0,0,0,0,0,0,0,0,0
1436.txt,0,0,0,1,0,0,0,0,0,6,0,0,0,0,0,0,0,0,0,0,0,0,0,0,0,0,0,0,0,0,0,8,0,0,0,0,0,0,1,0,0,8,0,0,0,0,0,0,0,0,0,0,0,0,0,0,0,0,2,0,0,0,0,0,0,0,0,0,0,0,0,0,0,0
1458.txt,0,0,0,0,0,2,3,0,0,0,1,0,0,0,0,0,1,0,0,0,0,0,0,1,0,0,0,0,0,2,0,9,1,0,0,0,0,0,0,0,0,0,0,0,0,0,0,0,0,0,0,0,0,0,0,0,0,0,0,0,0,0,1,0,0,0,0,0,0,0,0,0,0,0
1489.txt,0,0,0,0,0,0,0,0,0,0,0,0,0,0,0,0,0,0,0,1,0,0,0,0,0,0,0,0,0,0,0,12,0,0,0,0,0,0,0,0,0,0,0,0,0,0,0,0,0,0,0,0,0,0,0,0,0,0,0,0,0,0,0,0,0,0,1,0,3,0,0,0,0,0
1493.txt,0,0,0,0,0,1,0,0,0,0,0,0,0,1,0,1,0,0,0,0,0,0,0,0,0,0,0,0,0,0,0,9,0,0,0,0,0,0,0,0,0,3,0,0,0,0,0,0,0,0,0,0,0,0,0,0,0,0,0,0,0,0,0,0,0,0,0,0,0,0,0,0,0,0
1510.txt,0,0,0,0,0,0,0,0,0,1,0,0,0,0,0,0,0,0,0,0,0,0,0,0,0,0,0,0,0,0,0,27,0,4,0,0,0,0,1,0,0,2,0,0,0,0,0,0,2,0,0,0,6,0,1,0,1,0,0,0,0,0,3,0,0,0,0,0,0,0,0,0,0,0
1527.txt,0,0,0,0,0,0,0,2,0,0,0,0,0,0,0,0,0,0,0,0,0,0,0,0,0,0,0,0,0,0,0,44,0,0,0,0,0,0,0,0,0,2,1,0,0,0,0,0,0,0,0,0,3,0,0,0,3,0,0,0,0,0,0,0,0,0,1,0,0,0,0,0,0,0
1558.txt,0,0,0,0,0,0,6,0,0,0,0,0,0,0,0,0,0,0,0,0,0,0,0,0,0,0,0,0,0,1,0,13,0,0,0,0,0,0,0,0,0,1,0,0,0,0,0,0,1,0,0,0,0,0,0,0,0,0,0,0,0,0,0,0,0,0,0,0,0,0,0,0,0,0
1574.txt,0,0,0,1,0,0,0,0,0,0,0,0,0,0,0,0,0,0,0,0,0,0,0,0,0,0,0,0,0,0,2,10,0,0,0,2,0,0,1,0,0,1,0,0,0,0,0,0,0,0,0,0,0,0,0,0,0,0,0,0,0,0,1,0,0,0,0,0,0,0,0,0,0,0
1605.txt,0,0,0,2,0,6,8,2,0,2,0,0,0,0,0,0,0,0,0,1,0,0,0,6,0,0,0,0,0,2,0,24,0,0,0,4,0,0,1,0,0,1,0,0,0,0,2,0,0,0,0,0,0,0,0,0,6,1,0,0,0,0,12,0,1,2,0,1,0,0,0,0,1,0
1630.txt,2,0,0,0,0,2,0,0,0,3,1,0,0,1,0,0,0,0,0,0,0,0,0,0,1,0,0,0,0,0,0,20,0,0,0,3,0,0,0,0,0,0,0,0,0,0,0,0,0,0,0,0,0,0,0,0,2,0,0,0,0,0,4,0,0,1,0,0,0,0,1,0,0,0
167.txt,0,0,0,0,0,0,0,0,0,1,0,0,0,0,0,0,1,0,1,0,0,0,0,0,0,0,0,0,0,0,0,11,0,0,0,0,0,0,0,0,0,0,0,0,0,0,0,0,0,0,0,0,4,0,1,0,1,0,0,0,0,0,2,0,0,1,0,0,0,1,0,0,0,0
1681.txt,0,0,0,0,0,0,0,0,0,2,0,0,0,1,0,0,0,0,0,0,0,0,0,0,0,0,0,0,0,0,0,27,0,0,0,0,0,0,0,0,0,0,0,0,0,0,0,0,1,0,0,0,0,0,0,0,0,0,0,0,0,0,0,0,0,0,0,0,0,0,0,0,0,0
1688.txt,0,0,0,0,0,0,0,0,0,0,0,0,0,0,0,0,0,0,0,0,0,0,0,0,0,0,0,3,0,1,0,17,0,3,0,0,0,0,0,0,0,0,0,0,0,0,0,0,0,0,0,0,0,0,1,0,0,0,0,0,0,0,0,0,0,0,1,0,0,0,0,0,0,0
1692.txt,0,0,0,0,0,0,0,0,0,0,0,0,0,0,0,0,0,0,0,0,0,0,0,0,0,0,0,0,0,0,0,4,0,0,0,0,0,0,0,2,0,2,0,0,0,0,0,0,0,0,0,0,0,0,0,0,0,0,0,0,0,0,0,0,0,0,0,0,0,0,0,0,0,0
1694.txt,0,0,0,0,0,2,2,0,0,1,0,0,0,0,0,0,0,0,0,0,0,0,0,0,0,0,0,0,0,0,0,14,0,1,0,0,0,0,0,0,0,0,0,0,0,0,1,0,0,0,0,0,0,0,1,0,1,0,0,0,0,0,0,0,0,0,0,0,0,0,0,1,0,0
1698.txt,0,0,0,0,0,0,9,0,0,1,0,0,1,0,0,0,0,0,0,0,0,0,0,7,3,0,0,0,0,0,0,19,0,0,0,0,0,0,2,1,0,2,2,0,0,0,0,0,0,0,0,0,0,0,0,0,0,0,0,0,0,0,0,0,0,0,1,0,0,0,0,0,0,0
1709.txt,0,0,0,0,0,0,0,0,0,1,0,0,0,0,0,0,1,0,0,0,0,0,0,0,0,0,0,0,0,0,0,7,1,1,0,0,0,0,0,0,0,0,0,0,0,0,0,0,0,0,0,0,0,0,0,0,0,0,0,0,0,0,0,0,0,0,0,0,0,0,0,0,0,0
1714.txt,2,0,0,5,0,3,0,0,0,3,0,0,0,1,0,0,1,0,0,0,0,0,0,0,3,0,0,0,0,0,0,16,0,0,0,1,0,0,0,1,0,0,0,0,0,0,1,0,1,0,0,0,1,0,0,0,0,0,0,0,0,0,0,0,0,0,0,0,0,0,0,0,0,0
1732.txt,0,0,0,4,0,0,0,0,0,0,0,0,0,0,0,0,0,0,0,0,0,0,0,0,0,0,0,0,0,0,0,19,0,0,0,0,0,0,0,0,0,0,0,0,0,0,0,0,0,0,0,0,0,0,0,0,0,0,0,0,0,0,0,0,0,0,1,0,0,0,0,0,0,0
174.txt,0,0,0,0,0,2,0,0,0,0,0,0,0,1,0,0,0,0,0,0,0,0,0,0,0,0,0,0,0,0,0,3,0,0,0,1,0,0,1,0,0,2,0,0,0,0,0,0,0,0,0,0,2,0,0,0,0,0,0,0,0,0,2,0,0,0,0,0,0,0,0,0,0,0
1743.txt,16,0,0,2,0,7,7,0,1,34,1,0,0,0,0,1,1,0,2,0,0,2,2,4,0,0,0,9,0,2,0,116,0,9,0,15,1,0,0,0,0,1,1,0,0,0,3,0,2,0,0,0,2,1,0,0,8,0,0,1,0,0,12,0,0,0,0,0,0,0,0,0,0,0
1749.txt,0,0,0,0,0,0,0,0,0,1,0,0,0,0,0,0,0,0,0,0,0,0,0,0,0,0,0,0,0,0,0,8,0,0,0,0,0,0,0,0,0,0,0,0,0,0,0,0,0,0,0,0,0,0,0,0,0,0,0,0,0,0,3,0,0,0,1,0,0,0,0,0,0,0
1776.txt,0,0,0,7,0,0,0,0,0,0,0,0,0,0,0,0,0,0,0,0,0,0,0,0,0,0,0,0,0,0,1,4,0,0,0,0,0,0,0,0,0,0,0,0,0,0,0,0,0,0,0,0,0,0,0,0,0,1,0,0,0,0,1,0,0,0,1,0,0,0,0,0,0,0
1811.txt,0,0,0,0,0,3,0,0,0,0,0,0,0,0,0,0,0,0,0,0,0,0,0,0,0,0,0,0,0,0,0,10,0,0,0,0,0,0,0,0,0,1,0,0,0,0,0,0,2,0,0,0,0,0,0,0,0,0,0,0,0,0,2,0,0,2,0,0,0,0,0,0,0,0
1816.txt,0,0,0,0,0,3,2,0,0,1,0,0,0,0,0,0,0,0,0,0,0,0,0,0,0,0,0,0,0,0,0,50,0,0,0,0,0,0,0,0,0,6,1,0,0,0,1,0,8,0,0,0,0,1,1,0,1,0,0,0,0,0,8,0,0,2,0,0,0,0,0,0,0,0
1828.txt,2,0,0,2,0,0,0,0,0,1,0,0,0,0,0,0,0,0,0,0,0,0,0,0,0,0,4,1,0,0,0,20,0,1,0,2,0,0,0,0,0,0,0,0,0,0,0,0,0,0,0,0,0,0,0,0,3,0,0,0,0,0,5,0,0,0,0,0,0,0,0,0,0,0
183.txt,1,0,0,2,0,4,0,0,0,2,0,0,0,0,0,0,0,0,0,0,0,0,0,0,2,0,0,0,0,0,0,21,0,0,0,0,0,0,0,0,0,0,0,0,0,0,1,0,0,0,0,0,0,1,0,0,1,0,0,0,0,0,2,0,1,0,0,0,0,0,0,0,1,0
184.txt,0,0,0,0,0,10,0,0,0,7,0,0,0,0,0,0,1,0,0,0,0,0,0,0,1,0,0,0,0,0,0,30,1,0,0,0,0,0,2,0,0,0,0,0,0,0,0,0,0,0,0,0,0,0,0,0,3,0,0,0,0,0,0,0,0,0,0,0,0,0,0,0,0,0
1844.txt,0,0,0,0,0,3,1,1,0,0,0,0,0,0,0,0,0,0,0,0,0,0,0,0,0,0,0,0,0,0,0,12,0,0,0,4,0,0,0,0,0,0,0,0,0,0,4,0,0,0,0,0,0,2,0,0,1,0,0,0,0,0,0,0,0,0,0,0,0,0,0,0,0,0
186.txt,1,0,0,4,0,2,1,0,0,7,3,0,1,1,0,0,0,0,0,0,0,0,0,0,2,0,0,0,0,0,1,49,0,1,0,3,0,0,1,0,0,6,0,0,0,0,0,0,0,0,0,0,0,0,0,1,3,0,0,0,0,0,8,0,0,1,0,0,0,0,0,0,0,0
1894.txt,0,0,0,1,0,0,18,1,0,1,2,6,0,8,0,0,0,0,0,0,0,0,0,0,0,0,0,0,0,0,5,29,0,0,0,0,0,0,0,0,0,2,0,0,0,0,0,0,0,0,0,0,0,0,0,0,1,0,0,0,0,0,2,0,0,0,0,0,0,0,0,0,0,0
19.txt,0,0,0,1,0,0,0,0,1,4,1,0,0,0,2,0,0,0,3,0,0,0,1,0,0,0,1,0,0,1,0,18,0,0,0,1,0,0,0,0,0,0,0,0,0,0,1,0,0,0,0,0,3,0,0,0,1,0,2,0,0,0,1,0,0,0,0,0,0,0,0,0,1,0
1921.txt,0,0,0,0,0,0,0,0,0,0,0,0,0,0,0,0,2,0,0,0,0,0,0,0,0,0,0,0,0,1,0,2,0,0,0,0,0,0,0,0,0,0,0,0,0,0,0,0,0,0,0,0,0,0,0,0,0,0,0,0,0,0,0,0,0,0,0,0,0,0,0,0,0,0
1953.txt,0,0,0,0,0,0,0,0,0,0,0,0,0,0,0,0,0,0,0,2,0,0,0,0,0,0,0,0,0,0,0,12,0,0,0,0,0,0,0,0,0,0,0,1,0,0,0,0,0,0,0,0,0,0,0,0,1,0,0,0,0,0,2,0,0,0,0,0,0,0,0,0,0,0
1956.txt,0,0,0,0,0,0,0,0,0,0,0,0,0,0,0,0,0,0,0,0,0,0,0,0,1,0,0,0,0,0,0,13,0,1,0,0,0,0,0,0,0,0,0,0,0,0,0,0,0,0,0,0,1,0,0,0,0,0,0,0,0,0,0,0,1,0,1,0,0,0,0,0,0,0
1958.txt,1,0,0,3,0,0,0,0,0,1,0,0,0,0,0,0,1,0,0,0,0,0,0,0,0,0,1,0,0,0,0,11,0,0,0,0,0,0,0,0,0,0,0,0,0,0,0,0,0,0,1,0,2,0,1,0,0,0,0,0,0,0,0,0,0,0,0,0,0,0,0,0,0,0
1963.txt,0,0,0,0,0,4,0,0,0,0,0,0,0,0,0,0,0,0,0,0,0,0,0,0,0,0,0,0,0,0,0,13,0,1,0,0,0,0,0,2,0,0,0,0,0,0,0,0,0,0,0,0,1,0,0,0,3,0,0,0,0,0,2,0,0,0,0,0,0,0,0,0,0,0
1988.txt,0,0,0,0,3,1,2,0,0,0,0,0,0,0,0,0,0,0,0,0,0,0,0,0,0,0,0,0,0,0,0,8,0,0,0,2,0,0,0,0,0,0,0,0,0,0,0,0,0,0,0,0,0,0,0,0,3,0,0,0,0,0,0,0,0,0,0,0,0,0,0,0,1,0
1989.txt,0,0,0,0,2,1,2,0,0,1,0,0,0,0,0,0,0,0,0,0,0,0,0,0,0,0,0,0,0,0,0,2,0,0,0,0,0,0,0,1,0,0,0,0,0,0,0,0,0,0,0,0,1,0,0,0,2,0,0,0,0,0,0,0,0,0,0,0,0,0,0,1,0,0
1991.txt,0,0,0,0,0,1,0,0,0,0,0,0,0,0,0,0,0,0,0,0,0,0,0,0,0,0,0,0,0,0,0,67,0,0,0,18,0,0,0,0,0,2,0,0,0,0,0,0,0,0,0,0,0,0,0,0,3,0,0,0,0,0,13,0,0,2,0,0,0,0,0,0,0,0
2003.txt,0,0,0,0,0,0,8,0,0,0,0,0,0,0,0,0,0,0,0,0,0,0,0,0,0,0,0,0,0,1,0,16,0,0,0,1,0,0,0,0,0,2,0,1,0,0,0,0,1,0,0,0,0,0,0,0,1,0,1,0,0,0,0,0,0,0,1,0,0,0,0,0,0,0
2008.txt,18,0,0,1,0,19,0,0,0,18,0,0,0,0,0,0,0,0,0,0,0,0,0,0,0,0,0,0,0,1,5,81,0,0,0,3,0,0,1,0,0,0,0,0,0,0,2,0,0,0,0,0,0,2,0,0,2,0,0,0,0,0,16,0,0,0,0,0,0,0,0,0,0,0
2016.txt,20,0,0,0,0,1,3,1,1,26,0,0,1,0,0,0,0,0,5,0,0,0,0,0,2,0,0,2,0,0,3,108,0,2,0,3,0,0,1,0,0,1,0,0,0,0,1,0,0,0,0,0,5,0,0,0,5,0,0,0,0,0,9,0,0,0,0,0,0,0,0,0,0,0
2018.txt,15,0,0,0,0,1,4,1,1,21,0,0,1,0,0,0,0,0,5,0,0,2,0,0,2,0,0,2,0,0,0,78,0,2,0,3,0,0,1,0,0,1,0,0,0,0,1,0,0,0,0,0,6,0,0,0,6,0,0,0,0,0,5,0,0,0,0,0,0,2,0,0,0,0
2022.txt,0,0,0,0,0,0,2,0,0,0,0,0,0,0,0,0,0,0,0,0,0,0,0,0,0,0,0,0,0,1,0,6,0,0,0,0,0,0,0,0,0,0,0,0,0,0,0,0,0,0,0,0,0,0,0,0,1,0,0,0,0,0,0,0,0,0,0,0,0,0,0,0,0,0
203.txt,11,0,0,0,0,11,0,1,0,11,0,0,0,0,0,0,0,0,0,0,0,0,0,0,0,0,0,0,0,0,0,66,0,0,0,8,0,0,1,0,0,8,0,0,0,0,1,0,0,0,0,0,6,1,2,0,12,0,0,0,0,0,7,0,0,0,0,0,0,0,0,0,0,0
2030.txt,0,0,0,0,0,0,0,0,0,0,0,0,0,0,0,0,0,0,1,0,0,0,0,0,0,0,0,0,0,0,0,8,0,0,0,0,0,0,0,0,0,2,0,0,0,0,0,0,0,0,0,0,1,0,0,0,0,0,0,0,0,0,0,0,0,0,0,0,0,0,0,0,0,0
2037.txt,1,0,0,1,0,0,0,0,0,1,0,0,1,0,0,0,1,0,0,0,0,0,0,0,0,0,0,0,0,0,0,35,0,0,0,0,0,0,1,0,0,0,1,0,0,0,0,0,0,0,0,0,0,0,1,0,1,0,0,0,0,0,0,0,0,0,1,0,0,0,0,0,0,0
2047.txt,0,0,0,0,1,0,5,0,0,0,0,0,0,0,0,0,0,0,0,0,0,0,0,1,0,0,0,0,0,3,0,17,0,0,0,0,0,0,0,0,1,0,0,0,0,0,0,0,0,0,0,0,6,0,0,0,0,1,0,0,0,0,0,1,0,0,0,0,0,0,0,0,0,0
2048.txt,5,0,0,1,7,6,29,0,0,5,0,0,0,0,0,0,0,0,0,0,0,0,0,11,0,0,0,0,0,7,0,35,0,0,0,0,0,0,0,0,0,6,0,0,0,0,6,0,2,0,0,0,0,2,1,0,0,0,0,0,0,0,4,0,0,0,0,2,0,0,0,0,0,0
2052.txt,0,0,0,1,0,0,0,0,0,0,0,0,0,1,0,0,0,0,0,0,0,0,0,0,0,0,0,0,0,0,0,9,0,0,0,0,0,0,0,2,0,3,0,0,0,0,0,0,0,0,0,0,0,0,0,0,1,0,0,0,0,0,0,0,0,0,1,0,0,0,0,0,1,0
2054.txt,0,0,0,0,3,0,7,0,0,2,0,0,0,0,0,0,0,0,0,0,0,0,0,3,1,0,0,0,0,1,0,6,0,0,0,0,0,0,0,0,0,0,0,0,0,0,0,0,0,0,0,0,0,0,0,0,0,0,0,0,0,0,0,0,0,0,0,0,0,0,0,1,0,0
2074.txt,23,0,1,2,0,28,2,0,1,12,0,0,0,0,0,0,0,0,0,0,0,0,0,0,0,0,13,5,0,7,1,196,0,12,0,10,0,0,0,0,0,4,0,0,0,0,1,0,0,0,0,0,7,0,0,2,32,0,0,0,0,0,10,0,0,1,0,0,0,0,0,0,0,0
2103.txt,1,0,0,6,0,1,0,1,0,3,0,2,0,2,0,0,0,0,0,0,0,0,0,0,0,0,0,0,0,1,0,26,0,0,0,0,0,0,0,0,0,0,0,0,0,0,6,0,0,0,0,0,0,0,0,0,2,0,0,0,0,0,1,0,0,0,0,0,0,0,0,0,0,0
2114.txt,0,0,0,0,0,0,0,0,0,1,0,0,0,0,0,0,0,0,0,1,0,0,0,0,0,0,1,0,0,1,1,13,0,0,0,0,0,0,0,0,1,0,0,0,0,0,0,0,0,0,0,0,0,0,0,0,0,0,0,0,0,0,0,0,0,0,1,0,0,0,0,0,0,0
2118.txt,1,0,0,1,0,0,1,0,0,4,0,0,0,0,0,0,0,0,0,0,0,0,0,0,0,0,0,0,0,0,1,35,0,1,0,0,0,0,1,0,0,5,3,0,0,0,0,0,0,0,0,0,0,0,0,0,1,0,0,0,0,0,0,0,0,0,0,0,0,1,0,1,0,0
2134.txt,0,0,0,0,0,0,2,0,0,2,0,0,0,0,0,0,0,0,0,0,0,0,0,1,0,0,0,0,0,2,0,1,0,0,0,0,0,0,0,0,2,0,0,0,0,0,0,0,0,0,0,0,0,0,0,0,0,0,0,0,0,0,0,0,0,0,0,0,0,0,0,0,0,0
2149.txt,1,0,0,0,0,0,0,0,0,1,0,0,0,0,0,0,0,0,0,0,0,0,0,0,0,0,1,0,0,0,0,19,0,0,0,0,0,0,0,0,0,0,0,0,0,0,0,0,0,0,0,0,0,0,0,0,0,0,0,0,0,0,0,0,0,0,0,0,0,0,0,0,0,0
2150.txt,1,0,0,0,0,0,0,0,0,1,0,0,0,0,0,0,0,0,0,0,0,0,0,0,0,0,0,0,0,0,0,26,0,0,0,0,0,0,0,0,0,0,0,0,0,0,0,0,0,0,0,0,0,0,0,0,0,0,0,0,0,0,1,0,0,0,0,0,0,0,0,0,0,0
2156.txt,4,0,0,0,0,1,0,0,0,13,2,0,0,2,0,0,3,0,11,0,0,0,0,0,21,0,2,0,0,1,0,89,0,0,0,5,0,0,0,0,0,1,1,0,0,0,0,0,0,0,0,0,12,0,0,0,10,1,0,0,0,0,6,1,0,1,0,0,0,1,0,0,1,0
220.txt,0,0,0,0,0,3,0,0,0,0,0,0,0,0,0,0,0,0,0,0,0,0,0,0,0,0,0,0,0,0,0,12,0,0,0,0,0,0,0,0,0,1,0,0,0,0,0,0,0,0,1,0,0,0,0,0,0,0,0,0,0,0,0,0,0,0,1,0,0,0,0,0,0,0
2200.txt,0,0,0,0,2,0,3,0,0,5,0,0,0,0,0,0,0,0,0,0,0,0,0,3,0,0,0,0,0,1,0,4,0,0,0,0,0,0,0,1,0,0,0,0,0,0,0,0,0,0,0,0,0,0,0,0,0,0,0,0,0,0,0,0,0,1,0,0,0,0,0,0,0,0
2202.txt,1,0,0,1,0,6,0,0,0,1,0,0,0,1,0,0,0,0,0,0,0,0,0,0,0,0,0,0,0,0,0,34,0,0,0,0,0,0,2,0,0,4,0,0,0,0,0,0,1,0,0,0,11,0,0,0,0,0,0,0,0,0,2,0,7,1,0,0,7,0,0,0,0,0
2220.txt,0,0,0,0,0,0,2,0,0,2,0,0,0,0,0,0,0,0,0,0,0,0,0,0,0,0,0,0,0,0,0,41,0,0,0,0,0,0,0,1,0,1,0,0,0,0,0,0,0,0,0,0,0,0,0,0,2,0,0,0,0,0,0,0,0,0,0,0,0,0,0,0,0,0
2222.txt,0,0,0,7,0,0,8,0,0,1,0,1,0,1,0,0,0,0,0,0,0,0,0,0,0,0,0,0,0,0,2,30,0,0,0,0,0,0,0,1,0,0,0,0,0,0,0,0,0,0,0,0,0,0,0,0,2,0,0,0,0,0,0,0,0,0,0,0,0,0,0,0,0,0
2223.txt,0,0,0,0,0,0,0,0,0,0,0,0,0,0,0,0,0,0,0,0,0,0,0,0,0,0,0,0,0,0,0,31,0,0,0,0,0,0,0,1,0,3,0,0,0,0,0,0,0,0,0,0,0,0,0,0,0,2,0,0,0,0,0,1,0,0,0,0,0,0,0,0,0,0
2262.txt,0,0,0,0,0,0,0,0,0,0,0,0,0,0,0,0,0,0,1,0,0,0,0,0,0,0,0,0,0,0,0,8,0,0,0,0,0,0,0,0,0,0,0,0,0,0,0,0,0,0,0,0,2,0,0,0,0,0,0,0,0,0,0,0,0,0,0,0,0,0,0,0,0,0
2278.txt,1,0,0,0,0,0,1,0,0,2,0,0,0,0,0,0,0,0,3,0,0,0,0,0,0,0,0,0,0,2,0,14,0,0,0,0,0,0,0,0,0,0,0,0,0,0,0,0,0,0,0,0,3,0,0,0,0,0,0,0,0,0,0,0,0,0,0,0,0,0,0,0,0,0
229.txt,0,0,0,0,0,1,0,0,0,1,0,0,0,0,0,0,0,0,0,0,0,0,0,0,1,0,0,0,0,0,2,18,0,0,0,0,0,0,0,0,0,1,0,0,0,0,0,0,0,0,0,0,0,0,0,0,1,0,0,0,0,0,0,0,0,0,0,0,0,0,1,0,0,0
231.txt,0,0,0,0,0,0,0,0,0,3,0,0,0,0,0,0,0,0,1,0,0,0,0,0,0,0,0,0,0,1,3,40,0,0,0,0,0,0,0,2,0,7,0,0,0,0,0,0,0,0,0,0,7,0,0,0,7,0,0,0,0,0,3,0,0,0,1,0,0,0,0,0,0,0
2315.txt,0,0,0,0,0,0,2,0,0,0,0,0,0,0,2,0,0,0,0,0,0,0,0,1,0,0,0,0,0,0,0,7,0,0,0,0,0,0,0,0,0,0,0,0,0,0,0,0,0,0,0,0,0,0,0,0,0,0,0,0,0,0,0,0,0,0,0,0,0,0,0,0,0,0
233.txt,0,0,0,0,0,1,0,0,0,0,0,0,0,0,0,0,0,0,0,0,0,0,0,0,0,0,0,0,0,0,0,8,0,0,0,0,0,0,0,0,0,0,0,0,0,0,0,0,0,0,0,0,0,0,0,0,0,0,0,0,0,0,0,0,0,0,0,0,0,0,0,0,0,0
2339.txt,3,0,0,0,0,0,12,0,0,5,0,0,0,0,0,0,0,0,0,0,0,1,0,5,0,0,0,1,0,3,0,13,0,1,0,0,0,0,0,0,0,0,0,0,0,0,0,0,0,0,0,0,0,0,0,0,2,0,0,0,0,0,0,0,0,0,0,0,0,0,0,0,0,0
2349.txt,0,0,0,1,0,0,1,0,0,0,0,0,0,0,0,0,0,0,0,2,0,0,0,0,0,0,1,0,0,0,0,10,0,0,2,1,0,0,0,0,0,0,0,0,0,0,0,0,0,0,0,0,0,0,1,0,0,0,0,0,0,0,0,0,0,0,0,0,0,0,0,0,0,0
2350.txt,0,0,1,1,0,2,1,0,0,0,0,0,0,0,0,0,0,0,0,5,0,0,0,0,0,0,0,0,0,0,1,18,0,0,0,4,0,0,0,1,0,1,0,0,0,0,0,0,0,0,0,0,2,0,0,0,2,0,0,0,0,0,2,0,0,1,0,0,0,0,0,0,2,0
2354.txt,26,0,0,6,0,2,5,0,0,32,0,0,0,1,0,2,8,0,4,0,0,0,0,0,0,0,12,1,0,0,1,142,0,4,0,2,0,0,2,4,0,5,0,1,0,0,0,0,0,0,0,0,12,0,1,0,7,0,0,0,0,0,3,0,0,0,0,0,0,0,0,0,0,0
2359.txt,1,0,0,1,0,1,0,0,0,1,0,0,0,0,0,0,0,0,0,0,0,0,0,0,0,0,2,0,0,0,0,22,0,1,0,0,0,0,0,0,0,0,0,0,0,0,0,0,0,0,0,0,0,0,0,0,0,0,0,0,0,0,0,0,0,1,0,0,0,0,0,0,0,0
2368.txt,47,0,0,6,14,23,42,2,6,58,0,0,0,0,5,0,0,0,7,0,0,0,0,23,3,0,0,2,0,1,0,246,0,2,0,26,0,0,0,0,0,0,0,0,0,0,6,0,1,0,0,0,9,0,0,8,26,0,0,0,0,0,20,0,0,0,0,0,0,0,0,0,0,0
2370.txt,0,0,0,0,0,0,0,0,0,1,0,0,0,2,0,0,0,0,0,0,0,0,0,0,0,0,0,0,0,0,2,18,0,0,0,0,0,0,0,0,0,2,0,0,0,0,0,0,0,0,0,0,0,0,0,0,0,0,0,0,0,0,0,0,0,0,0,0,0,1,0,0,2,0
2371.txt,12,0,0,4,0,2,1,1,0,13,0,3,0,2,0,1,0,0,0,0,0,0,0,0,0,0,0,0,0,1,1,99,0,1,0,4,0,0,0,1,0,2,0,0,0,0,1,0,0,0,0,0,4,1,2,0,5,0,0,0,0,0,9,0,0,1,0,0,0,5,2,0,1,0
2381.txt,22,0,0,1,26,45,61,0,0,16,0,0,0,0,0,0,0,0,0,0,0,0,0,16,0,0,7,0,0,34,0,117,0,5,0,3,4,0,0,0,0,12,0,0,0,0,2,0,0,0,0,0,1,2,0,0,1,0,0,0,0,0,1,0,1,0,0,0,0,0,0,0,0,0
2406.txt,0,0,0,0,0,0,0,0,0,1,0,0,0,1,0,0,0,0,0,0,0,0,0,0,0,0,0,0,0,0,0,37,0,0,0,4,0,0,0,0,0,3,0,0,0,0,0,0,5,0,0,0,0,0,0,0,0,0,0,0,0,0,0,0,0,0,0,0,0,0,0,0,0,0
243.txt,0,0,0,0,0,0,0,0,0,2,0,0,0,0,0,0,0,0,0,0,0,0,0,0,0,0,0,0,0,0,0,15,0,0,0,0,0,0,0,0,0,0,0,0,0,0,0,0,0,0,1,0,0,0,0,0,0,0,0,0,0,0,0,0,0,0,1,0,0,0,0,0,0,0
2447.txt,9,0,0,0,10,12,45,0,0,9,0,0,0,0,0,0,0,0,0,0,0,0,0,18,0,0,0,0,0,8,0,57,0,0,0,0,0,0,0,0,0,12,0,0,0,0,3,0,0,0,0,0,0,1,0,0,0,0,0,0,0,0,0,0,0,0,0,0,0,0,0,0,0,0
2450.txt,0,0,0,0,0,0,0,0,0,0,0,0,0,0,0,0,0,0,0,0,0,0,0,0,0,0,0,0,0,0,0,1,0,1,0,0,0,0,0,0,0,0,0,0,0,0,0,0,0,0,0,0,0,0,0,0,0,0,0,0,0,0,0,0,0,0,0,0,0,0,0,0,0,0
2462.txt,2,0,0,0,0,0,1,0,0,2,0,0,0,2,0,0,0,0,1,0,0,0,0,0,0,0,2,0,0,0,0,45,0,0,0,3,0,0,0,0,0,7,0,0,0,0,0,0,0,0,0,0,2,0,0,0,0,0,0,0,0,0,1,0,0,0,0,0,0,0,0,0,1,0
2478.txt,8,0,0,2,4,8,33,0,0,9,0,0,0,0,0,0,0,0,0,0,0,1,0,12,0,0,5,0,0,3,0,65,0,0,0,2,3,0,0,0,0,15,1,0,0,0,0,0,0,0,0,0,0,0,0,0,7,0,0,0,0,0,1,0,0,0,0,0,0,0,0,0,0,0
2484.txt,0,0,0,0,1,0,0,0,0,0,0,0,0,0,0,0,0,0,0,0,0,0,0,0,0,0,0,0,0,0,0,2,0,0,0,0,0,0,0,0,0,0,0,0,0,0,0,0,0,0,0,0,0,0,0,0,0,0,0,0,0,0,1,0,0,0,0,0,0,0,0,0,0,0
249.txt,1,0,0,1,0,7,0,0,0,3,0,0,0,0,0,0,2,0,0,0,0,0,0,0,0,0,0,1,0,0,0,11,2,1,0,2,0,0,1,0,0,0,0,0,0,0,2,0,0,0,0,0,0,0,0,0,0,0,0,0,0,0,0,0,0,0,0,0,0,0,2,0,0,0
2502.txt,0,0,0,0,1,1,2,0,0,0,0,0,0,0,0,0,0,0,0,0,0,0,0,1,0,0,0,0,0,0,0,5,0,0,0,0,0,0,0,0,0,2,0,0,0,0,1,0,0,0,0,0,0,0,0,0,0,0,0,0,0,0,0,0,0,0,0,0,1,0,0,0,0,0
2532.txt,0,0,0,0,0,0,4,0,0,1,0,0,0,0,1,0,0,0,1,0,0,0,0,0,0,0,0,0,0,0,0,51,0,1,0,4,0,0,1,0,0,1,0,0,0,0,0,0,0,0,0,0,4,0,0,0,1,0,1,0,0,0,4,0,0,0,0,0,0,0,0,0,0,0
2543.txt,3,0,0,2,10,10,30,0,3,3,0,0,0,0,0,0,0,0,0,0,0,0,0,12,0,0,5,0,0,5,0,35,0,0,0,0,3,0,1,0,0,10,0,0,0,0,5,0,0,0,0,0,0,2,0,0,0,0,0,0,0,0,0,0,0,0,0,0,0,0,0,0,0,0
2579.txt,0,0,0,0,0,0,0,0,0,0,0,0,0,0,0,0,0,0,0,0,0,0,0,0,1,0,0,0,0,0,0,8,0,0,0,2,0,0,0,0,0,0,0,0,0,0,2,0,0,0,0,0,0,0,0,0,0,0,0,0,0,0,0,0,0,0,0,0,0,0,0,0,0,0
2583.txt,0,0,0,0,0,0,0,0,0,1,0,0,0,0,0,0,0,0,0,0,0,0,0,0,0,0,0,0,0,0,0,42,0,0,0,0,0,0,0,0,0,0,0,0,0,0,0,0,0,0,0,0,0,0,0,0,0,0,0,0,0,0,15,0,0,0,0,0,0,0,0,0,0,0
2592.txt,0,0,0,0,0,2,0,0,0,0,0,0,0,0,0,3,0,0,0,0,0,0,0,0,0,0,0,0,0,0,0,23,0,0,0,0,0,0,1,0,0,1,0,1,0,0,0,0,0,0,0,0,0,0,0,0,0,0,0,0,0,0,2,0,0,0,0,0,0,5,0,0,0,0
2602.txt,0,0,0,0,0,1,2,0,0,0,0,0,0,0,0,0,0,0,0,0,0,0,0,0,0,0,0,0,0,2,0,8,0,0,0,0,0,0,1,2,0,0,0,0,0,0,0,0,0,0,0,0,0,0,0,0,0,0,0,0,0,0,1,0,0,0,0,0,0,0,0,0,0,0
2607.txt,0,0,0,0,0,1,0,1,0,0,0,0,0,0,0,0,0,0,4,0,0,0,0,0,0,0,0,0,0,0,0,18,0,0,0,4,0,0,1,0,0,0,3,0,1,0,0,0,1,0,0,0,8,0,0,0,0,0,0,0,0,0,3,0,0,2,0,0,0,1,0,0,0,0
2610.txt,0,0,0,0,0,0,0,1,0,0,0,0,0,0,0,0,0,0,1,0,0,0,0,0,0,0,0,0,0,0,0,3,0,0,0,0,0,0,0,0,0,0,0,0,1,0,0,0,0,0,0,0,4,0,0,0,1,0,0,0,0,0,2,0,0,2,0,0,0,0,0,0,1,0
2611.txt,63,0,4,6,125,185,308,7,1,64,0,0,1,0,0,0,0,0,7,0,0,6,0,192,0,0,15,0,0,87,0,475,0,0,0,19,9,0,0,0,0,171,5,0,0,0,3,0,0,0,0,0,23,0,0,0,21,0,0,0,0,0,68,0,2,4,0,2,0,0,0,0,0,0
2631.txt,0,0,4,3,0,0,0,0,0,8,0,0,0,1,0,2,0,0,0,0,0,0,0,0,0,0,0,0,0,0,0,74,0,1,0,0,0,0,2,1,0,4,0,3,0,0,0,0,0,0,0,0,0,0,0,0,3,0,0,0,0,0,10,0,0,4,3,0,0,2,0,0,1,0
2642.txt,0,0,0,0,1,0,0,0,0,0,0,0,0,0,0,0,0,0,0,0,0,0,0,0,0,0,0,0,0,0,0,2,0,0,0,0,0,0,0,0,0,0,0,0,0,0,0,0,0,0,0,0,0,0,0,0,0,0,0,0,0,0,1,0,0,0,0,0,0,0,0,0,1,0
2658.txt,0,0,0,0,2,2,0,0,0,0,0,0,0,0,0,0,0,0,0,0,0,0,0,0,0,0,0,0,0,0,0,6,0,0,0,0,0,0,0,0,0,0,0,0,0,0,0,0,0,0,0,0,2,0,0,0,4,0,0,0,0,0,0,0,0,0,0,0,0,0,0,0,0,0
269.txt,0,0,1,0,0,0,0,0,0,0,0,0,0,0,0,0,0,0,0,0,0,0,0,0,0,0,0,0,0,0,0,18,0,0,0,0,0,0,0,1,0,0,0,0,0,0,0,0,0,0,0,0,0,0,1,0,0,0,0,0,0,0,0,0,0,2,1,0,0,1,0,0,0,0
2712.txt,0,0,0,0,0,0,0,0,0,0,0,0,0,0,0,0,0,0,0,0,0,0,0,0,1,0,0,0,0,0,0,10,0,5,0,0,0,0,0,0,0,2,0,0,0,0,0,0,0,0,0,0,3,0,0,0,0,0,0,0,0,0,0,0,0,0,0,0,0,0,0,0,0,0
2730.txt,0,0,0,0,0,2,0,0,0,1,0,0,0,0,0,0,0,0,0,0,0,0,0,0,0,0,0,0,0,0,0,11,0,1,0,0,0,0,1,0,0,0,0,0,0,0,0,0,0,0,0,0,0,0,0,0,1,1,1,0,0,0,2,0,0,0,0,0,0,0,0,0,0,0
2770.txt,2,0,0,0,1,0,12,0,0,4,0,0,0,0,0,0,0,0,0,0,0,1,0,3,0,0,0,0,0,1,0,17,0,0,0,0,1,0,0,0,0,0,0,0,0,0,2,0,0,0,0,0,0,1,0,0,3,0,0,0,0,0,2,0,0,0,0,0,0,0,0,0,0,0
2785.txt,0,0,0,2,0,0,0,0,0,0,0,1,0,1,0,0,0,0,1,0,0,0,0,0,0,0,0,0,0,4,0,12,0,0,0,0,0,0,0,0,0,0,0,0,0,0,0,0,0,0,0,0,1,0,1,0,0,0,0,0,0,0,0,0,0,0,0,0,0,0,0,0,0,0
2787.txt,0,0,0,0,0,0,0,0,0,0,0,0,0,0,0,0,1,0,0,0,0,0,0,0,0,0,0,0,0,0,0,9,0,0,0,0,0,0,0,0,0,0,0,0,0,0,0,0,0,0,0,0,0,0,0,0,1,0,0,0,0,0,0,0,0,0,0,0,0,0,0,0,0,0
2789.txt,0,0,0,0,0,0,0,0,0,1,0,0,0,0,0,0,0,0,3,0,0,0,0,0,0,0,0,0,0,0,0,22,0,0,0,0,0,0,0,0,0,0,0,0,0,0,0,0,0,0,0,0,5,0,0,0,0,0,0,0,0,0,0,0,0,0,0,0,0,0,0,0,0,0
2806.txt,1,0,0,0,0,0,1,0,0,1,0,0,0,0,0,0,0,0,0,0,0,0,0,0,0,0,0,0,0,0,0,10,0,3,0,0,0,0,0,0,0,1,0,0,0,0,0,0,0,0,0,0,0,0,0,0,1,0,0,0,0,0,0,0,0,0,0,0,0,0,0,0,0,0
2812.txt,0,0,0,0,0,0,0,0,0,0,0,0,0,0,0,0,0,0,0,0,0,0,0,0,0,0,1,0,0,0,0,4,0,0,0,0,0,0,0,0,0,0,0,0,0,0,0,0,0,0,0,0,0,0,0,0,0,0,0,0,0,0,0,0,0,0,0,0,0,0,0,0,0,0
2818.txt,0,0,0,0,0,0,0,0,0,1,0,0,0,0,0,0,0,0,1,0,0,0,0,0,0,0,0,0,0,0,0,35,0,4,0,0,0,0,0,1,0,0,0,0,0,0,1,0,0,0,0,0,2,0,0,0,0,0,0,0,0,0,0,0,0,0,0,0,0,0,0,1,0,0
2824.txt,0,0,0,4,0,0,0,0,0,0,0,0,0,0,0,0,2,0,0,0,0,0,0,0,1,0,0,0,0,1,0,34,0,3,0,3,0,0,1,0,0,0,0,0,0,0,0,0,0,0,0,0,1,0,0,0,0,0,0,0,0,0,0,0,0,5,0,0,0,2,0,0,2,0
2827.txt,0,0,0,0,0,0,0,0,0,0,0,0,0,0,0,1,0,0,3,0,0,0,0,0,1,0,0,0,0,0,0,31,0,0,1,0,0,0,0,0,0,0,0,0,0,0,0,0,0,0,0,0,3,0,0,0,0,0,0,0,0,0,0,0,0,0,0,0,0,0,0,0,0,0
2868.txt,0,0,0,0,3,8,0,0,0,6,0,0,0,0,0,0,0,0,0,0,0,0,0,0,0,0,0,0,0,0,0,21,0,0,0,0,0,0,2,0,0,0,0,0,0,0,0,0,0,0,0,0,0,0,0,0,0,0,0,0,0,0,0,0,0,0,0,0,0,0,1,0,0,0
2879.txt,0,0,0,0,0,0,0,0,0,0,0,0,0,0,0,1,0,0,0,0,0,1,0,0,0,0,0,0,0,0,1,29,0,0,0,0,0,0,0,1,0,0,0,0,0,0,0,0,0,0,0,0,1,0,1,0,0,0,0,0,0,0,1,0,0,0,2,0,0,0,0,0,0,0
2885.txt,0,0,0,0,0,0,0,0,0,0,0,0,0,0,0,0,0,0,0,0,0,0,0,0,0,0,0,0,0,0,0,24,0,0,0,0,0,0,0,0,0,0,2,0,0,0,0,0,0,0,0,0,0,0,0,0,0,1,0,0,0,0,0,0,0,0,0,0,0,0,0,0,0,0
2902.txt,0,0,0,0,0,0,0,0,0,0,0,0,0,0,0,0,0,0,0,0,0,0,0,0,0,0,0,0,0,0,0,4,0,0,0,0,0,0,0,0,0,0,0,0,0,0,2,0,1,0,0,0,0,2,1,0,0,0,0,0,0,0,1,0,0,0,0,0,0,0,0,0,0,0
2910.txt,0,0,0,1,0,0,0,0,0,0,0,0,0,0,0,0,0,0,1,0,0,0,0,0,0,0,0,0,0,2,1,33,0,0,0,0,0,0,1,0,0,3,1,0,0,0,0,0,1,0,0,0,1,0,0,0,0,0,0,0,0,0,0,0,0,0,0,0,0,0,0,0,0,0
2935.txt,0,0,0,0,0,0,0,0,0,1,0,0,0,0,0,0,0,0,0,0,0,0,0,0,0,0,0,0,0,0,0,17,0,4,0,0,0,0,0,1,0,0,0,0,0,0,0,0,0,0,0,0,0,0,0,0,0,0,0,0,0,0,0,0,0,0,0,0,0,0,1,0,0,0
2937.txt,0,0,0,3,0,0,0,0,0,0,0,0,0,0,0,0,0,0,0,0,0,0,0,0,0,0,0,0,0,0,2,23,0,0,0,0,0,0,0,0,0,1,0,0,0,0,0,0,0,0,0,0,2,0,0,0,0,0,0,0,0,0,0,0,0,0,0,0,0,0,0,0,0,0
2951.txt,48,0,0,0,50,82,122,0,4,42,0,0,0,0,0,0,0,0,0,0,0,0,0,52,0,0,9,0,0,54,0,227,0,0,0,15,3,0,0,0,0,44,1,0,0,0,9,0,0,0,0,0,0,2,0,4,12,0,0,0,0,0,23,0,0,0,0,0,0,0,0,0,0,0
2955.txt,0,0,0,2,0,0,0,0,0,1,0,0,0,0,0,0,0,0,1,0,0,0,0,0,0,0,0,0,0,0,0,36,0,0,0,0,0,0,1,0,0,0,3,0,0,0,0,0,0,0,0,0,1,0,0,0,2,0,0,0,0,0,0,0,0,0,0,0,0,0,0,0,3,0
2966.txt,0,0,0,0,0,0,1,0,0,0,0,0,0,0,0,0,0,0,1,0,0,0,0,0,0,0,0,0,0,0,0,12,0,0,0,0,0,0,0,0,0,0,0,0,0,0,0,0,0,0,0,0,1,0,0,0,0,0,0,0,0,0,0,0,0,0,0,0,0,0,0,0,0,0
2981.txt,0,0,0,0,1,1,0,0,0,0,0,0,0,0,0,0,0,0,0,0,0,0,0,0,0,0,0,0,0,0,0,2,0,0,0,0,0,0,0,0,0,0,0,0,0,0,0,0,0,0,0,0,0,0,0,0,1,0,0,0,0,0,0,0,0,0,0,0,0,0,0,0,0,0
2983.txt,0,0,0,0,0,0,0,0,0,0,0,0,0,0,0,0,0,0,1,0,0,0,0,0,0,0,0,0,0,0,0,11,0,0,0,0,0,0,0,0,0,1,0,0,0,0,0,0,0,0,0,0,2,0,0,0,0,0,0,0,0,0,0,0,0,0,0,0,0,0,0,0,0,0
2986.txt,0,0,0,0,0,0,4,0,0,0,0,0,0,0,0,0,0,0,0,0,0,0,0,0,0,0,0,0,0,2,5,19,0,0,0,0,0,0,1,0,0,0,0,0,0,0,0,0,1,0,0,0,0,0,0,0,0,0,0,0,0,0,0,0,0,0,0,0,0,1,0,0,0,0
2996.txt,0,0,0,4,0,0,8,0,1,3,0,0,3,0,0,0,1,0,0,0,0,0,0,4,0,0,0,0,0,0,0,134,0,0,0,0,0,0,0,0,0,0,0,0,0,0,2,0,1,0,0,0,0,1,0,0,0,0,0,0,0,0,0,0,0,44,0,0,0,0,0,0,0,0
2999.txt,0,0,0,0,1,0,0,0,0,0,0,0,0,0,0,0,0,0,0,0,0,0,0,0,0,0,0,0,0,0,0,2,0,0,0,0,0,0,0,0,0,0,0,0,0,0,0,0,0,0,0,0,0,0,0,0,0,0,0,0,0,0,1,0,0,0,0,0,0,0,0,0,0,0
3027.txt,9,0,0,1,15,19,56,0,1,9,0,0,0,0,0,0,0,0,0,0,0,0,0,24,3,0,5,0,0,10,0,72,0,0,0,0,3,0,0,0,0,22,1,0,0,0,3,0,0,0,0,0,0,1,0,0,5,0,0,0,0,0,0,0,0,0,0,0,0,0,0,0,0,0
3032.txt,75,0,0,4,0,73,0,0,0,75,0,2,0,1,0,0,0,0,0,0,0,0,0,0,11,0,0,0,0,2,5,315,0,0,0,42,0,0,1,0,0,24,0,0,0,0,0,0,2,0,0,0,7,0,0,0,43,0,0,0,0,0,33,0,0,0,0,0,0,0,0,0,0,0
3033.txt,17,0,0,3,0,1,2,0,0,17,0,0,0,0,0,0,0,0,0,1,0,0,0,0,0,0,0,2,0,3,3,84,0,2,0,2,0,0,1,0,0,10,0,0,0,0,0,0,0,0,0,0,0,0,0,0,4,0,0,0,0,0,11,0,0,0,0,0,0,0,0,0,0,0
3054.txt,5,0,0,0,24,25,61,0,1,5,0,0,0,0,0,0,0,0,0,0,0,0,0,30,0,0,0,0,0,22,0,36,0,0,0,0,0,0,0,0,0,10,0,0,0,0,4,0,0,0,0,0,0,1,0,0,0,0,0,0,0,0,1,0,0,0,0,0,0,0,0,0,0,0
3069.txt,0,0,0,0,0,1,0,0,0,4,0,0,0,0,0,0,0,0,0,0,0,0,0,0,0,0,0,0,0,0,0,15,0,0,0,0,0,0,0,0,0,0,0,0,0,0,0,0,0,0,0,0,1,0,0,0,0,0,0,0,0,0,0,0,0,0,1,0,0,0,0,0,0,0
3077.txt,21,0,0,2,0,11,2,1,3,27,0,0,0,3,3,0,0,0,5,0,0,1,0,0,1,0,0,2,0,0,0,191,0,9,0,17,0,0,0,0,0,1,0,0,0,3,4,0,0,0,0,0,11,0,1,0,2,0,1,0,0,0,17,0,0,6,0,0,1,0,0,0,0,0
3092.txt,0,0,0,0,0,1,1,0,0,1,0,0,0,0,0,0,0,0,0,0,0,0,0,1,0,0,1,0,0,1,0,13,0,0,0,0,0,0,0,0,1,0,0,0,0,0,0,0,0,0,0,0,0,0,0,1,0,0,0,0,0,0,0,0,0,0,0,0,0,0,0,0,0,0
3093.txt,22,0,1,3,0,4,2,0,0,32,0,18,0,0,0,0,0,0,1,19,0,1,0,0,2,0,1,0,0,2,6,217,0,4,0,14,0,0,0,4,1,7,0,0,0,0,5,0,0,0,1,0,3,0,1,0,11,0,0,0,0,0,19,0,0,3,0,0,0,1,0,0,0,0
3098.txt,0,0,0,0,0,0,0,0,0,0,0,0,0,0,0,0,0,0,0,0,0,0,0,0,1,0,0,0,0,0,0,22,0,0,0,0,0,0,0,0,0,1,0,0,0,0,0,0,1,0,0,0,0,0,0,0,2,0,0,0,0,0,0,0,0,0,0,0,0,0,0,0,0,0
3100.txt,5,0,0,0,1,12,28,0,0,5,0,0,0,0,0,0,0,0,0,0,0,0,0,9,0,0,5,0,0,1,0,44,0,2,0,2,4,0,0,0,0,2,0,0,0,0,2,0,0,0,0,0,0,0,0,0,0,0,0,0,0,0,0,0,0,0,0,0,0,0,0,0,0,0
3116.txt,0,0,0,0,0,0,0,0,0,0,0,0,0,0,0,0,0,0,0,0,0,0,0,0,0,0,0,0,0,0,0,29,0,0,2,0,0,0,0,0,0,1,0,0,0,0,0,0,0,0,0,0,0,0,2,0,0,0,0,0,0,0,0,0,0,0,0,0,0,0,0,0,0,0
3117.txt,0,0,0,0,0,3,0,0,0,3,0,0,0,0,0,0,0,0,0,0,0,0,0,0,0,0,0,0,0,0,0,7,0,0,0,0,0,0,0,0,0,0,0,0,0,0,0,0,0,0,0,0,0,0,0,0,0,0,0,0,0,0,0,0,0,0,0,0,0,0,0,0,0,0
3136.txt,0,0,0,0,0,0,0,0,0,4,0,0,0,0,0,0,0,0,0,0,0,0,0,0,0,0,0,0,0,0,0,47,0,0,0,0,0,0,1,0,0,0,1,0,0,0,0,0,0,0,0,0,0,0,0,0,0,0,0,0,0,0,1,0,0,0,1,0,0,0,0,0,5,0
3145.txt,3,0,0,0,3,0,15,0,1,3,0,0,0,0,0,0,0,0,0,0,0,0,0,8,0,0,0,0,0,0,0,22,0,0,0,0,0,0,0,0,0,0,0,0,0,0,3,0,0,0,0,0,0,0,0,0,0,0,0,0,0,0,0,0,0,0,0,0,0,0,0,0,0,0
3175.txt,26,0,0,1,0,10,0,1,0,27,0,2,0,2,0,0,0,0,0,0,0,0,0,0,0,0,0,0,0,2,0,131,0,0,0,21,0,0,0,0,0,0,0,0,0,0,0,0,0,0,0,0,0,0,0,0,13,0,0,0,0,0,17,0,0,1,0,0,2,0,0,0,0,0
3178.txt,0,0,0,0,2,0,8,1,0,1,0,0,0,0,0,0,0,0,0,0,0,0,0,0,0,0,0,0,0,0,0,22,0,0,0,0,0,0,0,0,0,0,0,0,0,0,0,0,0,0,0,0,2,0,0,0,1,0,0,0,0,0,0,0,0,0,0,0,0,0,0,0,0,0
3194.txt,0,0,0,0,0,0,0,0,0,0,0,0,0,0,0,0,0,0,0,0,0,0,0,0,0,0,0,0,0,0,2,10,0,0,0,0,0,0,0,0,0,0,0,0,0,0,0,0,0,0,0,0,0,0,0,0,0,0,0,0,0,0,0,0,0,0,0,0,0,0,0,0,0,0
3198.txt,0,0,0,0,0,0,0,0,0,0,0,0,0,0,0,0,0,0,0,0,0,0,0,0,0,0,0,0,0,0,0,18,0,0,0,1,0,0,0,1,0,4,0,0,0,0,0,0,0,0,0,0,0,0,0,0,0,0,0,0,0,0,0,0,0,0,0,0,0,0,0,1,0,0
3217.txt,55,0,0,45,45,66,200,0,11,55,0,0,0,0,0,0,10,0,0,0,0,0,0,45,11,0,22,0,0,12,0,286,0,0,0,0,0,0,1,0,1,22,0,0,0,0,14,0,0,0,0,0,22,0,0,0,0,0,0,0,0,0,0,0,0,0,0,2,0,0,0,0,0,0
3219.txt,51,0,0,3,0,6,2,0,1,51,0,0,0,0,0,2,4,0,2,0,0,0,0,0,2,0,8,1,0,2,2,214,0,11,2,6,0,0,0,1,0,9,0,0,0,0,4,0,1,0,0,0,14,2,0,0,8,0,0,0,0,0,14,0,0,0,0,1,0,0,0,0,0,0
322.txt,1,0,0,0,0,1,0,0,0,2,0,0,0,0,0,0,0,0,0,0,0,0,0,0,0,0,0,0,0,0,0,18,0,0,0,0,0,0,0,0,0,4,0,0,0,0,0,0,0,0,0,0,3,0,0,0,1,1,0,0,0,0,0,1,0,0,0,0,0,0,0,0,0,0
3221.txt,20,0,0,2,0,3,2,0,0,20,0,2,0,0,0,0,1,0,2,0,0,6,0,0,0,0,4,0,0,2,0,158,1,0,0,13,2,0,0,1,0,4,0,0,0,0,0,0,0,0,0,0,2,0,0,3,13,0,0,0,0,0,16,0,0,0,0,0,0,0,0,0,1,0
3222.txt,6,0,0,1,13,17,50,0,1,7,0,0,0,0,0,0,0,0,0,0,0,0,0,23,0,0,5,0,0,9,0,51,0,0,0,0,3,0,0,0,0,22,0,0,0,0,3,0,0,0,0,0,0,1,0,0,2,0,0,0,0,0,0,0,0,0,0,0,0,0,0,0,0,0
3244.txt,28,0,0,2,0,12,33,0,0,33,0,1,0,1,0,0,0,0,0,0,0,0,0,10,0,0,5,0,0,6,0,175,0,0,0,16,6,0,0,0,0,3,1,0,0,0,1,0,0,0,0,0,0,0,0,0,14,0,0,0,0,0,14,0,0,0,0,0,0,0,0,0,0,0
3246.txt,0,0,0,0,2,1,0,0,0,1,0,0,0,0,0,0,0,0,0,0,0,0,0,0,2,0,0,0,0,0,0,9,0,0,0,0,0,0,0,0,0,0,0,0,0,0,0,0,0,0,0,0,0,0,0,0,0,1,0,0,0,0,0,0,0,1,0,0,0,0,0,0,0,0
3253.txt,46,0,0,6,0,7,2,0,1,46,0,0,0,0,0,1,0,0,1,0,0,0,0,0,0,0,0,0,0,3,4,203,0,0,0,17,0,0,1,0,0,18,0,0,0,0,2,0,1,0,0,0,1,0,0,0,7,0,0,0,0,0,18,0,0,0,0,0,0,0,0,0,0,0
3260.txt,22,0,0,0,0,63,3,1,1,7,0,2,0,1,0,0,0,0,1,0,0,0,0,0,5,0,10,15,0,10,1,229,0,15,0,3,6,0,1,2,1,3,1,0,0,0,1,0,1,0,0,0,3,0,0,0,20,0,0,0,0,0,2,0,0,0,0,0,0,1,0,2,1,0
3279.txt,1,0,0,1,0,0,0,0,0,3,0,0,0,0,0,0,0,0,0,0,0,0,0,0,0,0,0,0,0,1,2,67,0,0,0,0,0,0,1,0,1,0,0,0,0,0,0,0,0,0,0,0,0,0,0,0,0,0,0,0,0,0,0,0,0,0,0,0,0,0,0,0,0,0
3301.txt,8,0,0,0,0,0,0,0,0,3,0,1,0,6,0,1,0,0,1,0,0,0,0,0,0,0,0,0,0,1,10,129,0,0,0,0,0,0,0,1,0,1,0,0,0,0,0,0,0,0,0,0,1,0,0,4,2,0,0,0,0,0,2,0,0,0,0,0,0,0,0,0,0,0
3303.txt,14,0,0,0,0,1,2,0,1,17,0,0,0,1,0,0,0,0,2,0,0,0,0,0,0,0,3,4,0,1,1,75,0,4,0,3,0,0,0,0,0,4,0,0,0,0,1,0,1,0,0,0,3,0,1,0,5,0,0,0,0,0,6,0,0,0,0,0,0,0,0,0,0,0
3304.txt,0,0,0,0,0,2,0,0,0,1,0,0,0,0,0,0,0,0,0,0,0,0,0,0,0,0,0,0,0,0,0,14,0,0,1,0,0,0,0,0,0,3,0,0,0,0,0,0,0,0,0,0,0,0,0,0,0,0,0,0,0,0,0,0,2,0,0,0,0,0,0,0,0,0
3305.txt,0,0,0,0,0,2,0,0,0,0,0,0,0,0,0,0,0,0,0,0,0,0,0,0,0,0,0,0,0,0,0,17,0,0,0,0,0,0,0,0,0,5,0,0,0,0,0,0,0,0,0,0,0,0,0,0,0,1,0,0,0,0,1,0,2,0,0,0,0,0,0,0,0,0
3311.txt,0,0,0,0,0,0,1,0,0,2,0,0,0,0,0,0,0,0,0,0,0,0,0,0,0,0,0,0,0,0,0,13,0,0,0,0,0,0,0,0,0,7,0,1,0,0,1,0,0,0,0,0,0,1,0,0,2,0,0,0,0,0,0,0,2,0,0,0,0,0,0,0,0,0
3316.txt,12,0,0,2,0,18,1,0,0,12,0,0,0,0,0,0,0,0,0,0,0,0,0,0,0,0,0,1,0,3,1,42,0,5,0,1,0,0,0,0,0,2,0,0,0,0,0,0,0,0,0,0,0,0,0,0,0,0,0,0,0,0,1,0,0,0,0,0,0,0,0,0,0,0
3319.txt,0,0,0,0,0,0,0,0,0,0,0,0,0,0,1,0,0,0,0,0,0,3,0,0,0,0,0,0,0,0,0,46,0,0,0,0,0,0,0,0,0,0,2,0,0,0,1,0,1,0,0,0,0,0,0,0,1,0,0,0,0,0,0,0,0,0,1,0,0,0,0,0,0,0
3330.txt,0,0,2,0,0,0,0,0,0,1,0,0,0,0,0,0,0,0,0,0,0,0,0,0,0,0,0,0,0,0,0,22,0,0,0,0,0,0,0,0,0,0,0,0,0,0,0,0,0,0,0,0,0,0,0,0,0,0,0,0,0,0,0,0,0,2,0,0,0,0,0,0,0,0
3349.txt,0,0,0,1,0,0,2,0,0,2,0,0,0,1,0,0,0,0,0,0,0,0,0,1,0,0,0,0,0,0,0,3,0,0,0,0,0,0,0,0,0,0,0,0,0,0,0,0,0,0,0,0,0,0,0,0,0,1,0,0,0,0,1,0,0,1,0,0,0,0,0,0,0,0
3360.txt,208,0,4,5,0,260,11,0,3,166,0,0,0,0,0,0,0,0,0,58,0,5,0,0,4,0,10,2,0,0,1,1030,0,2,1,67,6,0,0,0,0,42,3,0,0,0,5,0,0,0,0,0,5,0,0,12,154,0,0,0,0,0,144,0,0,6,0,0,0,0,0,0,0,0
3364.txt,1,0,0,0,0,0,0,0,0,0,0,0,0,0,0,0,0,0,0,0,0,0,0,0,0,0,0,0,0,1,0,7,0,1,0,0,0,0,0,0,0,0,0,0,0,0,5,0,0,0,0,0,0,0,0,0,0,0,0,0,0,0,0,0,0,0,0,0,0,0,0,0,0,0
3382.txt,0,0,0,0,0,0,0,0,0,0,0,0,0,0,0,0,0,0,1,0,0,1,0,0,0,0,0,0,0,0,0,8,0,0,0,0,0,0,0,0,0,0,0,0,0,0,1,0,0,0,0,0,1,0,0,0,1,0,0,0,0,0,0,0,0,0,0,0,0,0,0,0,0,0
3420.txt,1,0,0,0,0,1,0,0,0,1,0,0,0,0,0,0,4,0,0,0,0,0,0,0,0,0,0,0,0,0,0,11,0,0,0,0,0,0,1,0,0,0,0,0,0,0,0,0,0,0,0,0,0,0,0,0,0,1,0,0,0,0,0,0,0,0,0,0,0,0,0,0,0,0
3430.txt,0,0,0,0,0,2,0,0,0,0,0,0,0,0,0,0,0,0,0,0,0,0,0,0,1,0,0,0,0,0,0,20,0,0,0,0,0,0,0,0,0,0,0,0,0,0,0,0,0,0,0,0,0,0,0,0,1,0,0,0,0,0,0,0,0,0,0,0,0,0,0,0,0,0
3431.txt,0,0,0,0,0,0,0,0,0,0,0,0,0,0,0,0,0,0,2,0,0,0,0,0,0,0,0,0,0,1,0,17,0,0,0,0,0,0,0,1,0,0,0,0,0,0,0,0,0,0,0,0,5,0,0,0,0,0,0,0,0,0,0,0,0,0,0,0,0,0,0,0,0,0
3433.txt,0,0,0,0,0,0,0,0,0,1,0,0,0,0,0,0,0,0,0,0,0,0,0,0,0,0,0,0,0,0,0,3,0,0,0,0,0,0,0,0,0,0,0,0,0,0,0,0,0,0,0,0,0,0,0,0,0,0,2,0,0,0,0,0,0,3,0,0,0,0,0,0,0,0
3438.txt,0,0,0,0,0,0,0,0,0,0,0,0,0,0,0,0,0,0,0,0,0,1,0,0,1,0,0,0,0,0,0,35,0,0,0,2,0,0,0,0,0,0,2,0,0,0,1,0,0,0,0,0,0,0,0,0,0,0,0,0,0,0,3,0,0,0,0,0,0,0,0,0,0,0
3455.txt,2,0,0,0,0,0,0,0,0,2,0,0,0,0,0,0,0,0,3,0,0,0,0,0,0,0,0,0,0,0,0,3,0,0,0,0,0,0,0,0,0,0,0,0,0,0,0,0,0,0,0,0,3,0,0,0,1,0,0,0,0,0,0,0,0,0,0,0,0,0,0,0,0,0
3478.txt,0,0,0,0,0,0,0,0,0,0,0,0,0,0,0,0,0,0,0,0,0,0,0,0,0,0,0,0,0,0,7,22,0,0,0,0,0,0,0,0,0,0,0,0,0,0,0,0,0,0,0,0,0,0,0,0,0,0,0,0,0,0,0,0,0,0,0,0,0,0,0,0,0,0
3479.txt,0,0,0,0,0,0,4,0,0,4,0,0,0,6,0,0,0,0,0,0,0,1,0,0,0,0,0,0,0,2,0,7,0,0,0,0,1,0,0,0,1,0,0,0,0,0,0,0,0,0,0,0,0,0,0,0,1,0,0,0,0,0,1,0,0,0,0,0,0,0,0,0,0,0
3489.txt,0,0,0,3,0,0,0,0,0,1,0,0,0,0,0,1,0,0,1,0,0,0,0,0,0,0,0,0,0,0,0,13,0,0,0,0,0,0,0,0,0,0,0,0,0,0,0,0,0,0,0,0,1,0,0,0,3,0,0,0,0,0,0,0,0,3,0,0,0,0,0,0,0,0
349.txt,0,0,0,0,0,0,1,2,0,0,0,0,0,0,0,0,0,0,0,0,0,0,0,0,0,0,0,0,0,1,0,16,0,0,0,0,0,0,0,0,1,4,0,0,0,0,0,0,0,0,0,0,0,0,0,0,2,0,0,0,0,0,0,0,0,0,0,0,0,0,0,0,0,0
3494.txt,0,0,0,0,0,0,0,0,0,2,0,0,0,0,0,0,0,0,0,0,0,1,0,0,2,0,0,0,0,0,0,35,0,1,0,0,0,0,0,0,0,16,0,0,0,0,0,0,1,0,0,0,0,0,0,0,0,1,0,0,0,0,0,0,0,0,4,0,0,0,0,0,1,0
3496.txt,0,0,0,1,0,0,0,0,0,0,0,0,0,0,0,0,0,0,0,0,0,0,0,0,0,0,0,0,0,0,0,12,0,0,0,0,0,0,0,0,0,2,0,0,0,0,1,0,0,0,0,0,0,0,0,0,0,0,0,0,0,0,0,0,0,0,0,0,0,0,0,0,0,0
3497.txt,0,0,0,1,0,2,0,0,0,0,0,0,0,0,0,0,0,0,0,0,0,0,0,0,0,0,0,0,0,0,0,13,0,0,0,0,0,0,0,0,0,0,0,0,0,1,0,0,0,0,0,0,0,0,0,0,0,0,0,0,0,0,0,0,0,0,0,0,0,0,0,0,0,0
3536.txt,0,0,0,3,1,12,41,1,0,2,0,0,0,0,0,0,0,0,0,0,0,1,0,14,0,0,2,0,0,2,0,120,0,0,0,10,0,0,0,0,0,10,0,0,0,0,2,0,0,0,0,0,8,0,0,0,9,1,0,0,0,0,10,0,0,0,0,0,0,0,0,0,1,0
3538.txt,0,0,0,2,0,3,0,0,1,2,0,0,0,0,0,1,0,0,0,0,0,0,0,0,0,0,0,0,0,2,4,26,0,0,0,5,0,0,1,1,1,0,0,0,0,0,2,0,1,0,0,0,0,1,2,0,0,0,0,0,0,0,0,0,0,0,0,0,0,2,0,0,0,0
3566.txt,0,0,0,1,0,0,0,0,0,0,0,3,0,3,0,0,0,0,0,0,0,0,0,0,0,0,0,0,0,0,0,18,0,0,0,0,0,0,0,0,0,3,0,1,0,0,0,0,0,0,0,0,3,0,0,0,0,0,0,0,0,0,0,0,0,0,0,0,0,0,0,0,0,0
3571.txt,0,0,0,0,0,0,0,0,0,1,0,0,0,0,1,0,0,0,0,0,0,0,0,0,0,0,3,0,0,0,0,33,0,0,0,0,0,0,0,0,0,1,0,0,0,0,0,0,1,0,0,0,0,0,0,0,0,0,0,0,0,0,0,0,0,0,0,0,0,0,0,0,0,0
3580.txt,1,0,0,0,0,0,0,0,0,1,0,0,0,0,0,0,0,0,0,0,0,2,0,0,0,0,0,0,0,0,0,14,0,0,0,0,0,0,0,0,0,3,0,0,0,0,0,0,0,0,0,0,0,0,0,0,0,0,0,0,0,0,0,0,0,0,0,0,0,0,0,2,0,0
3581.txt,0,0,0,1,0,0,0,0,0,0,0,0,0,0,0,2,0,0,0,0,0,2,1,0,0,0,0,1,0,0,0,108,0,2,0,0,0,0,1,0,0,11,0,0,0,0,0,0,0,0,1,0,12,0,0,0,0,1,0,0,0,0,0,0,0,0,1,0,0,0,0,0,1,0
3586.txt,0,0,0,0,0,0,0,0,0,0,0,0,0,0,0,0,0,0,0,0,0,2,0,0,0,0,0,0,0,0,0,11,0,0,0,0,0,0,0,0,0,2,0,0,0,0,0,0,0,0,0,0,2,0,0,0,0,0,0,0,0,0,0,0,0,0,0,0,0,0,0,2,0,0
3588.txt,0,0,0,0,0,0,0,0,1,0,0,0,0,0,0,0,0,0,0,0,0,0,0,0,0,0,0,0,0,1,0,2,0,0,0,0,0,0,1,0,0,1,0,0,0,0,2,0,0,0,0,0,0,1,0,0,1,0,0,0,0,0,0,0,0,0,0,0,0,0,0,0,0,0
3595.txt,0,0,0,0,0,0,1,0,0,0,0,0,0,0,0,0,0,0,0,0,0,0,0,0,0,0,0,0,0,0,0,13,0,0,0,0,0,0,0,0,0,2,1,0,0,0,1,0,0,0,0,0,0,0,0,0,0,0,0,0,0,0,0,0,0,0,0,0,0,0,0,0,0,0
3596.txt,0,0,0,0,0,0,0,0,0,0,0,0,0,0,1,0,0,0,0,0,0,1,0,0,0,0,0,0,0,0,0,12,0,0,0,0,0,0,0,0,0,1,0,0,0,0,0,0,0,0,0,0,0,0,0,0,0,0,0,0,0,0,0,0,0,0,0,0,0,0,0,0,0,0
3603.txt,0,0,0,0,0,0,0,0,0,0,0,0,0,0,0,0,0,0,0,0,0,0,0,0,0,0,0,0,0,0,0,13,0,0,0,0,0,0,0,0,0,0,0,0,0,0,0,0,0,0,0,0,0,0,0,0,0,0,0,0,0,0,0,0,0,0,0,0,0,0,0,0,0,0
361.txt,144,0,0,17,0,148,0,9,2,157,0,45,0,40,0,0,16,0,26,0,0,45,0,0,2,0,9,0,6,1,52,664,0,0,0,15,0,0,0,0,0,6,1,0,0,0,2,0,8,0,0,0,41,0,0,18,34,2,0,0,0,0,6,2,0,0,0,0,0,6,0,4,0,0
3613.txt,0,0,0,0,0,0,0,0,0,0,0,0,0,0,0,0,0,0,0,0,0,0,0,0,0,0,0,0,0,0,1,2,0,0,0,0,0,0,0,0,0,0,0,0,0,0,0,0,0,0,0,0,0,0,0,0,0,0,0,0,0,0,0,0,0,0,0,0,0,0,0,0,0,0
3616.txt,65,0,0,11,13,89,110,0,0,65,0,0,6,0,0,0,0,0,0,0,0,2,0,47,12,0,10,0,0,12,0,340,0,6,0,44,6,0,0,0,1,62,0,0,0,0,4,0,0,0,0,0,0,2,0,0,30,0,0,0,0,0,38,0,0,0,0,2,0,0,0,0,0,0
3624.txt,0,0,0,0,0,0,2,0,0,1,0,0,0,0,0,0,0,0,0,0,0,0,0,1,0,0,0,0,0,1,0,8,0,0,0,0,0,0,0,0,0,0,0,0,0,0,2,0,0,0,0,0,0,0,1,0,0,0,0,0,0,0,0,0,0,0,0,0,0,0,0,0,0,0
3652.txt,0,0,0,0,0,13,3,0,0,5,0,0,0,0,0,0,0,0,2,0,0,0,0,0,1,0,0,0,0,2,0,70,0,0,0,0,0,0,3,0,0,4,0,0,0,0,0,0,0,0,0,0,4,0,1,0,4,0,0,0,0,0,13,0,1,0,0,0,0,0,0,0,0,0
3674.txt,0,0,0,2,0,1,3,0,0,3,0,1,0,1,0,0,0,0,0,0,0,1,0,0,0,0,0,0,0,1,0,12,0,0,0,2,1,0,0,0,0,0,0,0,0,0,0,0,0,0,0,0,0,0,0,0,1,0,0,0,0,0,4,0,0,0,0,0,0,0,0,0,0,0
3682.txt,0,0,0,0,0,0,0,0,0,1,0,0,0,0,0,0,0,0,0,0,0,0,0,0,0,0,0,0,0,0,0,8,0,0,0,0,0,0,0,0,0,0,0,0,0,0,0,0,0,0,0,0,0,0,0,0,0,0,0,0,0,0,0,0,0,0,0,0,0,0,0,0,0,0
3695.txt,0,0,0,0,0,0,0,0,0,0,0,0,0,1,0,0,0,0,0,0,0,0,0,0,0,0,0,0,0,0,0,7,0,0,0,3,0,0,0,0,0,0,0,0,0,0,0,0,0,0,0,0,0,0,0,0,0,0,0,0,0,0,0,0,0,0,0,0,0,0,0,0,0,0
3704.txt,0,0,0,2,0,0,0,0,0,1,0,0,1,0,1,0,1,0,0,0,0,0,0,0,0,0,0,2,0,0,0,38,0,2,0,9,0,0,0,0,0,0,0,0,0,1,1,0,0,0,0,0,0,0,0,0,0,0,1,0,0,0,0,0,0,0,0,0,0,0,0,0,0,0
3705.txt,0,0,0,0,0,0,2,0,0,0,0,0,0,0,0,0,1,0,0,0,0,0,0,0,0,0,0,0,0,0,0,17,0,0,0,4,0,0,0,1,0,6,0,4,0,0,0,0,0,0,0,0,0,0,0,0,0,0,0,0,0,0,0,0,0,0,0,0,0,0,0,0,0,0
3718.txt,25,0,0,0,0,26,1,0,0,26,0,0,0,1,0,1,0,0,0,11,0,0,0,0,0,0,0,0,0,1,0,84,0,0,0,2,0,0,0,0,0,15,0,1,0,0,0,0,0,0,0,0,4,0,0,0,4,0,0,0,0,0,13,0,0,2,0,0,0,0,0,2,0,0
3726.txt,1,0,0,0,0,0,0,0,0,3,0,0,0,0,0,0,3,0,0,0,0,0,0,0,0,0,0,1,0,0,0,17,0,1,0,0,0,0,0,0,0,0,0,0,0,0,0,0,0,0,0,0,0,0,1,0,1,0,0,0,0,0,0,0,0,0,0,0,0,0,0,0,0,0
3727.txt,11,0,0,6,0,1,0,0,0,14,0,0,0,0,0,0,1,0,1,0,0,0,0,0,0,0,0,3,0,2,0,85,0,3,1,2,0,0,0,0,0,0,0,0,0,0,0,0,0,0,4,0,5,0,0,0,3,0,0,0,0,0,0,0,0,2,1,0,0,0,0,3,0,0
3731.txt,1,0,0,0,0,3,0,0,0,1,0,0,0,0,0,0,0,0,0,0,0,0,0,0,2,0,0,0,0,0,0,26,0,1,0,0,1,0,0,0,0,0,0,1,0,0,0,0,0,0,0,0,1,0,0,0,0,0,0,0,0,0,0,0,0,0,0,0,0,0,0,0,0,0
3732.txt,12,0,0,1,0,14,0,0,0,12,0,0,0,1,0,0,0,0,0,0,0,0,0,0,1,0,0,0,0,1,0,56,0,3,0,2,0,0,0,0,0,8,0,0,0,0,0,0,0,0,0,0,0,0,0,0,3,0,0,0,0,0,17,0,0,0,1,0,0,0,0,0,0,0
3735.txt,0,0,0,0,0,0,0,0,0,0,0,0,0,0,0,0,0,0,0,2,0,0,0,0,0,0,0,0,0,0,0,18,0,5,0,1,0,0,0,0,0,1,0,0,0,0,0,0,0,0,0,0,1,0,0,0,0,0,0,0,0,0,0,0,0,0,0,0,0,0,0,0,0,0
3738.txt,0,0,0,0,0,0,18,0,0,1,0,0,0,0,0,0,0,0,0,0,0,0,0,9,0,0,0,0,0,0,0,19,0,0,0,0,0,0,0,0,0,0,0,0,0,0,0,0,0,0,0,0,0,0,0,0,0,0,0,0,0,0,0,0,0,0,0,0,0,0,0,0,0,0
3763.txt,0,0,0,0,0,0,2,0,0,3,0,0,0,0,0,0,0,0,0,0,0,0,0,0,0,0,0,0,0,0,0,10,0,0,0,0,0,0,0,5,0,0,0,0,0,0,0,0,0,0,0,0,0,0,0,0,3,0,0,0,0,0,0,0,0,0,0,0,0,0,0,0,0,0
3770.txt,0,0,0,0,0,3,0,0,0,1,0,0,0,1,0,0,0,0,0,0,0,0,0,0,3,0,0,0,0,0,0,20,0,1,0,2,1,0,0,0,0,0,0,0,0,0,0,0,0,0,0,0,1,0,0,0,0,0,0,0,0,0,0,0,1,0,1,0,0,0,0,0,0,0
3773.txt,80,0,0,4,33,114,122,0,2,80,0,0,0,0,0,0,10,0,0,0,0,1,0,56,0,0,20,0,0,22,4,505,0,4,0,53,12,0,0,0,0,57,0,0,0,0,2,0,0,0,0,0,11,0,0,0,34,0,0,0,0,0,61,0,2,55,0,0,0,0,0,0,0,0
3774.txt,46,0,0,7,72,101,216,0,2,46,0,0,0,0,0,0,1,0,0,0,0,0,0,111,0,0,25,0,0,52,0,333,0,0,0,24,15,0,0,0,1,137,0,0,0,0,8,0,0,0,0,0,0,1,0,0,20,0,0,0,0,0,27,0,0,1,0,3,0,0,0,0,0,0
3781.txt,0,0,0,1,0,0,0,0,0,0,0,0,0,0,0,0,0,0,0,0,0,0,0,0,0,0,0,0,0,0,0,23,0,2,0,0,0,0,0,1,0,1,0,0,0,0,1,0,0,0,0,0,1,0,1,0,0,0,0,0,0,0,0,0,0,0,0,0,0,0,0,1,0,0
3783.txt,0,0,0,0,0,0,0,0,0,0,0,0,0,1,0,0,0,0,0,0,0,0,0,0,0,0,0,0,0,0,0,22,0,0,0,11,0,0,0,0,0,0,0,0,0,0,0,0,0,0,0,0,0,0,0,0,0,0,0,0,0,0,6,0,0,0,0,0,0,0,0,0,0,0
3784.txt,0,0,0,1,0,0,5,0,0,0,1,0,0,1,0,0,3,0,0,0,0,0,0,0,0,0,0,0,0,0,0,24,0,0,0,4,0,0,0,0,0,0,0,0,0,0,1,0,3,0,0,0,0,0,0,0,0,0,0,0,0,0,3,0,0,5,0,0,0,0,1,0,0,0
3799.txt,10,0,0,0,0,7,9,0,0,12,0,0,0,0,0,1,0,0,1,0,0,0,0,0,1,0,4,0,0,0,2,145,0,0,0,6,1,0,1,0,0,5,0,0,0,0,1,0,0,0,0,0,4,1,1,0,5,0,0,0,0,0,7,0,1,6,0,0,2,0,0,0,0,0
38.txt,0,0,0,0,0,0,0,0,0,2,0,0,0,0,0,0,0,0,0,0,0,0,0,0,0,0,0,0,0,0,0,5,0,0,0,0,0,0,0,0,0,0,0,0,0,0,0,0,0,0,0,0,0,0,0,0,0,0,0,0,0,0,2,0,0,0,0,0,0,0,0,0,0,0
3823.txt,4,0,0,0,0,1,1,0,0,5,0,0,0,0,0,0,0,0,0,0,0,0,0,0,0,0,0,3,0,2,0,20,0,3,0,2,0,0,1,0,1,0,0,0,0,0,0,0,0,0,0,0,1,0,0,0,1,0,0,0,0,0,1,0,0,0,0,0,0,0,0,1,0,0
3825.txt,0,0,0,0,0,0,0,0,0,2,0,0,0,0,0,0,0,0,0,0,0,0,0,0,0,0,0,0,0,0,0,18,0,3,0,0,0,0,0,0,0,1,0,0,0,0,0,0,0,0,0,0,2,0,2,0,0,0,0,0,0,0,0,0,0,0,0,0,0,0,0,0,0,0
3829.txt,0,0,0,0,1,0,0,0,0,2,0,0,0,0,0,0,1,0,0,0,0,0,0,0,0,0,0,0,0,0,0,3,0,0,0,0,0,0,0,0,0,0,0,0,0,0,0,0,0,0,0,0,0,0,0,0,0,0,0,0,0,0,0,0,0,0,0,0,0,0,0,0,0,0
3840.txt,0,0,0,0,0,12,5,0,0,0,0,0,0,0,2,0,1,0,0,0,0,0,0,2,0,0,0,0,0,0,0,36,0,0,0,0,0,0,0,1,0,2,0,0,0,0,0,0,0,0,0,0,0,0,0,0,0,0,2,0,0,0,0,0,0,0,0,0,0,0,0,0,0,0
385.txt,1,0,0,0,0,2,0,0,0,3,0,0,0,0,0,0,0,0,0,0,0,0,0,0,0,0,0,0,0,0,0,6,0,0,0,0,0,0,0,0,0,0,0,0,0,0,0,0,0,0,0,0,0,0,0,0,0,0,0,0,0,0,0,0,0,0,0,0,0,0,0,0,0,0
3853.txt,0,0,0,0,0,0,2,0,0,0,3,0,0,0,0,0,0,0,0,0,0,0,0,1,0,0,0,0,0,0,0,12,0,0,0,3,0,0,0,0,0,3,0,0,0,0,0,0,0,0,0,0,1,0,0,0,0,0,0,0,0,0,6,0,0,0,1,0,0,0,0,0,1,0
3856.txt,0,0,0,0,0,0,2,1,0,6,0,0,0,0,0,0,0,0,0,0,0,0,0,0,0,0,0,0,0,2,0,27,0,0,0,0,0,0,1,1,0,0,0,0,0,0,0,0,0,0,0,0,1,0,0,0,0,0,0,0,0,0,2,0,0,0,0,0,0,0,0,0,1,0
3857.txt,0,0,0,0,0,0,0,0,0,0,0,0,0,0,0,0,0,0,0,0,0,0,0,0,0,0,0,0,0,0,0,10,0,0,0,0,0,0,0,0,0,0,1,0,0,0,0,0,0,0,0,0,0,0,0,0,0,0,0,0,0,0,0,0,0,0,0,0,0,0,0,0,0,0
3865.txt,11,0,0,1,47,40,98,0,1,12,0,0,0,0,0,0,0,0,0,0,0,1,0,43,0,0,0,0,0,19,0,78,0,0,0,1,1,0,0,0,0,43,0,0,0,0,1,0,0,0,0,0,11,0,0,0,3,0,0,0,0,0,2,0,0,0,0,0,0,3,0,0,0,0
3870.txt,4,0,0,0,0,1,0,0,0,3,0,0,0,2,0,1,0,0,0,0,0,0,0,0,0,0,0,1,0,1,0,27,0,1,0,7,0,0,2,1,0,0,0,0,0,0,0,0,0,0,0,0,1,0,0,0,2,0,0,0,0,0,3,0,0,0,0,0,0,0,0,0,0,0
3887.txt,100,0,8,6,0,134,6,1,3,45,0,0,3,0,89,3,4,0,7,0,0,1,1,0,12,0,26,3,0,7,0,474,0,3,0,6,17,0,0,1,0,0,2,6,1,0,5,0,4,0,0,0,21,2,2,2,17,0,0,0,0,0,0,0,0,8,0,0,0,0,0,0,1,0
3897.txt,0,0,0,1,0,0,0,0,0,2,0,1,0,1,0,0,0,0,0,2,0,0,0,0,0,0,0,0,0,0,0,86,0,0,1,0,0,0,1,0,0,4,1,0,0,0,0,0,0,0,0,0,0,0,2,0,0,0,0,0,0,0,6,0,0,0,0,0,0,2,0,0,0,0
3902.txt,1,0,0,4,0,20,9,0,0,4,13,0,4,0,0,0,0,0,0,0,0,0,0,1,1,0,0,0,0,1,0,29,0,0,0,0,0,0,1,0,0,0,3,0,0,0,0,0,0,0,0,0,0,0,0,0,0,3,0,0,0,0,13,1,0,0,1,0,0,0,0,0,2,0
3913.txt,1,0,0,2,0,3,10,0,0,2,9,0,1,0,0,0,0,0,0,0,0,4,0,2,0,0,0,0,0,3,0,71,0,1,0,25,0,0,0,0,1,1,0,0,0,0,0,0,1,0,0,0,8,0,0,0,1,0,0,0,0,0,21,0,0,0,0,0,0,0,0,4,2,0
3925.txt,46,2,3,4,88,137,165,0,1,48,0,0,0,0,0,0,0,0,6,0,0,1,0,80,0,0,0,0,0,41,0,289,0,0,0,29,1,0,0,0,0,86,0,0,0,0,2,0,0,0,0,0,13,1,0,0,22,0,0,0,0,0,38,0,0,3,0,0,0,0,0,0,0,0
3926.txt,0,0,0,0,0,0,0,0,0,3,0,0,1,0,0,0,1,0,0,1,0,1,0,0,0,0,0,0,0,0,1,39,0,0,0,0,0,0,0,0,0,0,0,0,0,0,0,0,0,0,0,0,1,0,0,0,0,0,0,0,0,0,1,0,0,0,1,0,0,0,0,0,1,0
3931.txt,96,0,0,8,16,104,79,0,0,98,0,0,0,0,0,0,0,0,0,2,0,1,0,29,0,0,0,0,0,10,0,413,0,0,0,38,2,0,0,0,0,20,0,0,0,0,1,0,0,0,0,0,0,1,0,0,30,0,0,0,0,0,104,0,5,0,0,0,0,0,0,0,0,0
3932.txt,0,0,0,0,0,0,2,0,0,0,0,0,0,0,0,0,0,0,0,0,0,0,0,2,0,0,0,0,0,0,0,6,0,0,0,0,0,0,0,0,0,0,0,0,0,0,0,0,0,0,0,0,0,0,0,0,0,1,0,0,0,0,2,0,0,0,0,0,0,0,0,0,0,0
3934.txt,0,0,0,0,0,0,1,0,0,0,0,0,0,0,0,0,0,0,0,0,0,0,0,0,0,0,0,0,0,1,1,25,0,3,0,0,0,0,0,1,1,0,0,0,0,0,0,0,0,0,0,0,1,0,0,0,0,0,0,0,0,0,0,0,0,0,0,0,0,0,0,0,0,0
3945.txt,0,0,0,0,0,0,0,0,0,2,0,0,0,0,0,1,0,0,0,2,0,0,0,0,0,0,0,0,0,0,0,14,0,0,0,0,0,0,0,0,0,0,0,0,0,0,0,0,2,0,0,0,0,0,0,0,0,0,0,0,0,0,0,0,0,0,0,0,0,0,0,0,0,0
3947.txt,13,0,0,3,0,13,1,0,0,15,0,0,0,0,0,0,0,0,0,0,0,0,0,0,0,0,3,0,0,0,0,77,0,0,0,3,0,0,1,0,0,7,1,0,0,0,1,0,0,0,0,0,0,1,0,0,1,0,0,0,0,0,8,0,0,0,0,0,0,0,0,0,0,0
3948.txt,0,0,0,0,0,0,0,0,0,0,0,0,0,0,0,0,0,0,0,3,0,0,0,0,0,0,0,0,0,0,0,14,0,0,0,0,0,0,0,0,0,0,0,0,0,0,0,0,0,0,0,0,0,0,0,0,0,0,0,0,0,0,1,0,0,0,0,0,0,0,0,0,0,0
3970.txt,0,0,0,0,0,0,1,0,0,0,0,0,0,0,0,0,0,0,0,0,0,0,0,0,0,0,1,0,0,0,0,18,0,0,0,1,0,0,0,0,0,1,0,0,0,0,0,0,0,0,0,0,0,0,0,0,0,0,0,0,0,0,0,0,0,0,0,0,0,0,0,0,0,0
3978.txt,0,0,0,0,0,0,1,0,0,0,0,0,0,0,0,0,0,0,0,0,0,0,0,1,0,0,0,0,0,2,0,16,0,0,0,0,0,0,0,0,0,0,0,0,0,0,0,0,0,0,0,0,0,0,0,0,0,0,0,0,0,0,0,0,0,0,0,0,0,0,0,0,0,0
3997.txt,0,0,0,0,0,0,0,0,0,0,0,0,0,0,0,0,0,0,0,0,0,0,0,0,0,0,0,0,0,0,3,14,0,0,0,0,0,0,0,1,0,0,0,0,0,0,0,0,0,0,0,0,0,0,0,0,0,0,0,0,0,0,0,0,0,0,0,0,0,0,0,0,0,0
400.txt,0,0,0,1,0,0,0,0,0,1,0,0,0,0,0,0,0,0,0,0,0,0,0,0,0,0,0,0,0,0,0,6,0,0,0,1,0,0,0,0,0,0,0,0,0,0,0,0,0,0,0,0,0,0,0,0,0,1,1,0,0,0,1,1,0,0,0,0,0,0,0,0,0,0
4006.txt,1,0,0,0,0,0,0,0,0,2,0,3,0,2,0,2,0,0,0,0,0,0,0,0,0,0,0,0,0,0,2,13,0,0,0,0,0,0,0,0,0,0,0,0,0,0,0,0,0,0,0,0,0,0,0,0,1,0,0,0,0,0,0,0,0,1,0,0,0,0,0,0,0,0
4023.txt,0,0,0,0,0,0,0,0,0,0,0,0,0,0,0,0,0,0,0,0,0,0,0,0,0,0,0,0,0,0,0,22,0,0,0,0,0,0,1,0,0,0,0,0,0,0,0,0,0,0,0,0,0,0,0,0,0,0,0,0,0,0,0,0,0,0,0,0,0,0,0,0,0,0
4024.txt,0,0,0,0,0,0,0,0,0,3,0,0,0,0,0,0,1,0,0,0,0,0,0,0,0,0,0,0,0,0,0,8,0,0,0,0,0,0,0,0,0,0,0,0,0,0,0,0,0,0,0,0,0,0,0,0,0,0,0,0,0,0,0,0,0,0,0,0,0,0,0,0,1,0
4027.txt,0,0,0,2,0,0,0,0,0,0,0,0,0,0,0,0,0,0,0,0,0,0,0,0,0,0,2,0,0,1,0,38,0,0,0,0,0,0,1,0,1,0,0,0,0,0,0,0,0,0,0,0,0,0,0,0,1,0,0,0,0,0,0,0,0,0,0,0,0,1,0,0,0,0
4044.txt,0,0,0,0,0,0,0,0,0,0,0,0,0,0,0,0,0,0,0,0,0,0,0,0,0,0,0,0,0,0,0,3,0,0,0,0,0,0,0,0,0,3,0,0,0,0,0,0,0,0,0,0,0,0,0,0,0,0,0,0,0,0,2,0,0,0,0,0,0,0,0,0,0,0
4050.txt,0,0,0,0,0,0,0,0,0,0,0,0,0,0,0,0,0,0,2,0,0,0,0,0,0,0,0,5,0,3,0,20,0,5,0,0,0,0,0,0,0,0,0,0,0,0,0,0,0,0,0,0,2,0,1,0,0,0,0,0,0,0,0,0,0,0,0,0,0,0,0,0,0,0
4061.txt,0,0,0,0,0,1,0,0,0,0,0,0,0,0,0,0,0,0,0,0,0,0,0,0,0,0,0,0,0,0,0,11,0,0,0,0,0,0,1,0,0,0,1,0,0,0,0,0,1,0,0,0,0,0,0,0,0,0,0,0,0,0,0,0,0,0,0,0,0,0,0,0,0,0
4067.txt,0,0,0,0,0,0,1,0,0,0,0,0,0,0,0,0,0,0,0,0,0,0,0,1,0,0,0,0,0,0,0,30,0,0,0,0,0,0,0,1,0,2,0,0,0,0,2,0,0,0,0,0,3,0,1,0,0,0,0,0,0,0,0,0,0,0,0,0,0,0,0,0,0,0
4081.txt,0,0,0,0,0,0,0,0,0,1,0,2,0,1,0,0,0,0,0,0,0,0,0,0,0,0,0,0,0,0,0,21,0,0,0,0,0,0,0,0,0,0,0,0,0,0,2,0,0,0,0,0,0,1,0,0,0,0,0,0,0,0,0,0,0,0,0,0,0,0,0,0,0,0
4095.txt,95,0,0,6,0,105,3,0,1,97,0,15,0,0,0,2,0,0,3,28,0,0,0,0,0,0,0,2,0,0,0,470,0,2,1,64,0,0,1,4,0,89,6,0,0,0,2,0,2,0,0,0,3,1,1,0,52,0,0,0,0,0,102,0,0,3,0,0,0,0,0,6,0,0
4097.txt,14,0,0,0,12,15,53,0,0,16,0,3,0,0,0,0,0,0,0,0,0,2,0,24,0,0,5,0,0,11,0,89,0,1,0,5,6,0,0,0,0,22,0,0,0,0,1,0,1,0,0,0,0,0,0,0,3,0,0,0,0,0,0,0,0,0,0,0,0,0,0,0,0,0
4116.txt,2,0,0,0,0,1,0,0,0,4,0,0,0,2,0,0,0,0,0,0,0,0,0,0,0,0,0,0,0,1,1,24,0,0,0,0,0,0,0,0,0,0,0,0,0,0,0,0,0,0,0,0,0,0,0,0,0,0,0,0,0,0,0,0,0,0,0,0,0,0,0,0,0,0
4120.txt,0,0,0,0,0,0,0,0,0,2,0,0,0,0,0,0,0,0,0,0,0,0,0,0,0,0,0,0,0,0,0,9,0,0,0,0,0,0,0,0,0,0,0,0,0,0,0,0,0,0,0,0,0,0,2,0,0,0,0,0,0,0,0,0,0,2,0,0,0,0,0,0,0,0
4133.txt,32,0,2,0,8,18,34,2,0,33,0,0,2,0,0,0,0,0,4,0,0,0,0,16,14,0,8,0,0,6,0,188,0,0,0,18,3,0,0,0,0,15,0,0,0,0,1,0,0,0,0,0,4,1,0,0,14,0,0,0,0,0,25,0,0,2,0,0,0,0,0,0,0,0
4142.txt,33,0,0,8,8,43,37,0,0,33,0,0,0,0,0,0,0,0,0,0,0,0,0,18,5,0,8,0,0,6,0,214,0,0,0,27,4,0,0,1,0,14,0,0,0,0,0,0,0,0,0,0,0,0,0,0,19,0,0,0,0,0,24,0,0,0,0,0,0,0,0,0,0,0
4157.txt,0,0,0,0,0,0,3,0,0,0,0,0,0,0,0,0,0,0,0,0,0,0,0,0,0,0,0,0,0,0,0,8,0,0,0,0,0,0,0,0,0,0,0,0,0,0,0,0,0,0,0,0,3,0,0,0,0,0,0,0,0,0,0,0,0,0,0,0,0,0,0,1,0,0
4166.txt,2,0,0,0,0,1,5,0,0,3,0,0,0,0,0,0,3,0,1,0,0,1,0,0,0,0,0,0,0,0,1,48,1,0,0,1,0,0,0,0,0,0,0,0,0,0,0,0,0,0,0,0,1,0,0,0,6,0,0,0,0,0,0,0,0,0,0,0,0,0,0,0,0,0
4169.txt,46,0,0,2,10,30,62,2,0,50,0,0,3,0,0,0,0,0,0,0,0,0,0,15,0,0,10,0,0,11,0,219,0,0,0,16,6,0,0,0,1,20,0,0,0,0,1,0,0,0,0,0,4,0,0,0,26,0,0,0,0,0,12,0,0,0,0,1,0,0,0,0,0,0
4171.txt,0,0,0,0,0,0,0,1,0,2,0,2,0,1,0,0,0,0,5,0,0,0,0,0,0,0,0,0,0,0,2,28,0,0,0,0,0,0,0,0,0,0,0,0,0,0,0,0,2,0,0,0,5,0,0,0,10,0,0,0,0,0,0,0,0,0,0,0,0,0,0,0,0,0
4177.txt,0,0,0,0,0,3,0,0,0,1,0,0,0,0,0,0,0,0,0,0,0,0,0,0,0,0,0,0,0,0,0,16,0,0,0,0,0,0,0,0,0,0,0,0,0,0,0,0,0,0,0,0,0,0,0,0,0,0,0,0,0,0,0,0,0,0,0,0,0,0,0,0,0,0
4187.txt,0,0,0,0,2,0,1,0,0,0,0,0,0,0,0,0,0,0,0,0,0,0,0,0,0,0,0,0,0,0,0,2,0,0,0,0,0,0,0,0,0,0,0,0,0,0,0,0,0,0,0,0,0,0,0,0,0,0,0,0,0,0,2,0,0,0,0,0,0,0,0,0,0,0
4218.txt,40,0,0,5,0,11,53,0,0,44,0,0,0,0,0,0,0,0,0,0,0,4,0,15,0,0,0,6,0,5,0,186,0,6,0,20,0,0,0,0,0,0,0,0,0,0,0,0,0,0,0,0,0,0,0,0,22,0,0,0,0,0,24,0,0,0,0,0,0,0,0,0,0,0
422.txt,0,0,0,0,0,0,0,0,0,2,0,0,0,0,0,0,0,0,3,0,0,0,0,0,0,0,0,0,0,0,0,7,0,0,0,0,0,0,0,0,0,0,0,0,0,0,0,0,0,0,0,0,3,0,0,0,0,0,0,0,0,0,0,0,0,0,0,0,0,0,0,0,0,0
4228.txt,0,0,0,0,0,0,0,0,0,0,0,0,0,0,0,0,0,0,0,0,0,0,0,0,0,0,0,0,0,0,0,17,0,0,0,2,0,0,0,0,0,0,0,0,0,0,0,0,0,0,0,0,0,0,0,0,0,0,0,0,0,0,0,0,0,0,0,0,0,0,1,0,0,0
4232.txt,6,0,0,6,0,10,18,2,2,19,0,0,0,14,6,2,0,0,5,0,0,0,0,0,1,0,0,0,0,1,0,403,0,0,0,23,0,0,0,0,1,28,0,0,0,0,5,0,4,0,0,0,11,0,0,0,5,0,2,0,0,0,26,0,0,11,0,0,6,0,0,0,1,0
424.txt,0,0,0,0,0,0,0,0,0,2,0,2,0,7,0,0,0,0,0,0,0,1,0,0,0,0,0,0,0,0,9,36,0,0,0,0,0,0,0,1,0,0,0,0,0,0,0,0,0,0,0,0,0,0,0,0,0,0,0,0,0,0,0,0,0,0,1,0,0,0,0,0,0,0
4241.txt,0,0,0,0,0,0,0,0,0,2,0,0,0,0,0,0,0,0,0,0,0,0,0,0,0,0,0,0,0,1,0,70,0,1,0,1,0,0,1,0,0,0,1,0,0,0,0,0,1,0,0,0,3,0,0,0,0,0,0,0,0,0,0,0,0,0,0,0,0,0,0,0,1,0
4263.txt,0,0,0,0,0,10,0,4,1,2,0,0,0,0,0,0,0,0,0,0,0,0,0,0,4,0,0,0,0,1,0,21,0,0,0,0,4,0,0,1,0,17,0,0,0,0,1,0,2,0,0,0,0,0,0,0,0,0,0,0,0,0,0,0,0,0,0,0,0,1,0,0,0,0
4273.txt,30,0,0,6,10,38,38,0,0,33,0,0,0,4,0,0,1,0,0,0,0,0,0,19,0,0,12,1,0,8,0,205,0,2,0,12,3,0,1,0,0,36,0,0,0,0,4,0,0,0,0,0,0,0,0,0,10,0,0,0,0,0,10,0,0,0,1,2,0,0,0,0,0,0
4281.txt,11,0,0,2,0,14,3,0,0,11,0,0,0,0,0,0,0,0,0,0,0,0,0,1,0,0,0,0,0,0,0,79,0,0,0,13,0,0,1,0,0,3,0,0,0,0,2,0,0,0,0,0,0,2,0,0,4,0,0,0,0,0,18,0,2,1,0,0,0,0,0,0,0,0
4284.txt,0,0,0,0,0,0,0,0,0,0,0,0,0,0,0,0,0,0,0,0,0,0,0,0,0,0,0,0,0,0,2,25,0,0,0,0,0,0,1,1,0,2,0,2,0,0,0,0,0,0,0,0,1,0,0,0,0,0,0,0,0,0,0,0,0,0,0,0,0,0,0,0,0,0
4297.txt,6,0,0,1,6,9,36,0,1,7,0,0,0,0,0,0,0,0,0,0,0,1,0,14,0,0,5,0,0,5,0,43,0,0,0,0,3,0,0,0,0,10,0,0,0,0,2,0,0,0,0,0,0,0,0,0,1,0,0,0,0,0,0,0,0,0,0,0,0,0,0,0,0,0
4312.txt,17,0,0,4,0,11,9,0,0,21,1,0,1,1,1,2,2,2,0,0,0,3,0,0,0,0,0,1,0,2,1,150,0,5,0,9,0,0,0,1,1,13,1,1,0,0,0,0,0,0,0,0,2,0,2,0,9,0,1,0,0,0,16,0,0,0,0,0,0,0,0,3,0,0
4314.txt,1,0,0,0,0,0,0,0,0,2,0,0,0,1,0,0,0,0,0,0,0,0,0,0,0,0,0,0,0,0,0,23,0,0,0,1,0,0,0,0,0,3,2,0,0,0,0,0,0,0,0,0,0,0,0,0,0,0,0,0,0,0,1,0,0,0,1,0,0,0,0,0,1,0
4315.txt,13,0,0,3,0,17,2,0,0,14,0,0,0,0,0,2,0,0,0,0,0,0,0,0,0,0,0,0,0,0,0,193,0,0,0,9,0,0,0,0,0,1,0,0,0,0,2,0,2,0,0,0,8,1,0,0,0,0,2,0,0,0,10,0,0,0,0,0,0,0,0,5,0,0
4342.txt,0,0,0,1,0,3,0,0,0,0,1,0,0,0,0,0,0,0,0,0,0,0,0,0,0,0,0,0,0,0,1,13,0,0,0,3,0,0,1,0,0,0,0,0,0,0,0,0,0,0,0,0,0,0,0,0,0,0,0,0,0,0,1,0,0,0,0,0,0,0,0,0,0,0
4348.txt,0,0,0,0,0,0,3,1,0,0,0,1,0,4,4,1,0,0,3,0,0,0,0,2,7,0,0,0,0,0,9,60,0,1,0,0,0,0,1,0,0,0,0,0,0,0,0,0,0,0,1,0,10,0,1,0,1,0,0,0,0,0,1,0,0,0,0,0,0,0,0,0,0,0
4355.txt,0,0,0,0,0,0,0,0,0,1,0,0,0,0,0,0,0,0,0,0,0,0,0,0,0,0,0,0,0,0,2,6,0,0,0,0,0,0,0,0,0,0,0,0,0,0,0,0,0,0,0,0,0,0,0,0,0,0,0,0,0,0,1,0,0,0,0,0,0,0,0,0,0,0
4357.txt,0,0,0,0,0,0,0,0,0,0,0,0,0,1,0,1,0,0,0,0,0,0,0,0,0,0,0,0,0,0,2,32,0,0,0,0,0,0,1,1,0,0,0,0,0,0,0,0,0,0,3,0,1,0,0,0,0,1,0,0,0,0,2,1,0,0,1,0,0,1,0,0,0,0
4365.txt,0,0,0,1,0,2,0,1,0,1,0,0,0,0,0,0,0,0,0,0,0,0,0,0,0,0,0,0,0,0,1,9,0,0,0,3,0,0,0,0,0,0,0,0,0,0,0,0,0,0,0,0,0,0,0,0,2,0,0,0,0,0,0,0,0,0,0,0,0,0,0,0,0,0
4367.txt,0,0,0,0,0,2,0,0,0,0,0,0,0,0,0,0,0,0,0,0,0,0,0,0,1,0,0,0,0,0,0,11,0,1,0,0,0,0,0,0,0,0,0,0,0,0,0,0,0,0,0,0,0,0,0,0,0,1,0,0,0,0,0,0,0,0,0,0,0,0,0,0,0,0
4372.txt,0,0,0,0,0,0,0,0,0,0,0,5,0,5,0,0,0,0,0,0,0,0,0,0,0,0,0,0,0,0,6,14,0,0,0,0,0,0,0,0,0,0,0,0,0,0,0,0,0,0,0,0,0,0,0,0,0,0,0,0,0,0,0,0,0,0,0,0,0,0,0,0,0,0
4386.txt,0,0,0,0,0,3,0,0,0,2,0,0,0,0,0,0,0,0,0,0,0,0,0,0,2,0,0,0,0,0,0,11,0,0,0,0,0,0,0,0,0,0,0,0,0,0,0,0,0,0,0,0,0,0,0,0,0,0,0,0,0,0,1,0,0,1,0,0,0,0,0,0,0,0
4387.txt,0,0,0,0,0,0,0,0,0,0,0,0,0,0,0,0,0,0,0,1,0,0,0,0,0,0,0,0,0,0,1,21,0,0,0,0,0,0,0,0,0,2,0,0,0,0,0,0,0,0,0,0,0,0,0,0,0,0,0,0,0,0,0,0,0,0,0,0,0,0,0,0,0,0
4388.txt,0,0,0,2,0,3,0,0,0,0,0,3,0,2,0,0,0,0,0,0,0,0,0,0,0,0,0,0,0,0,1,8,0,0,0,5,0,0,0,0,0,0,0,0,0,0,0,0,0,0,0,0,0,0,0,0,0,0,0,0,0,0,0,0,0,0,0,0,0,0,0,0,0,0
4391.txt,0,0,0,1,0,2,0,0,0,0,0,1,0,1,0,0,0,0,0,0,0,0,0,0,0,0,0,0,0,0,1,12,0,0,0,4,0,0,0,0,0,2,0,0,0,0,0,0,0,0,0,0,0,0,0,0,0,0,0,0,0,0,0,0,0,1,0,0,0,0,0,0,0,0
4410.txt,0,0,0,1,0,2,0,0,0,1,0,1,0,1,0,0,0,0,0,0,0,0,0,0,0,0,0,0,0,0,1,11,0,0,0,4,0,0,0,2,0,0,0,0,0,0,0,0,0,0,0,0,0,0,0,0,0,0,0,0,0,0,0,0,0,0,0,0,0,0,1,0,0,0
4411.txt,0,0,0,2,0,0,0,0,0,1,0,2,0,1,0,0,0,0,0,0,0,0,0,0,0,0,0,0,0,0,4,18,0,0,0,1,0,0,0,0,0,0,0,0,0,0,0,0,0,0,0,0,0,0,1,0,1,0,0,0,0,0,0,0,0,0,1,0,0,0,0,0,0,0
4412.txt,0,0,0,1,0,0,0,0,0,0,0,0,0,0,0,0,0,0,0,0,0,0,0,0,3,0,0,0,0,1,0,20,0,0,0,0,0,0,1,0,0,0,0,0,0,0,0,0,0,0,0,0,0,0,0,2,0,0,0,0,0,0,0,0,0,0,0,0,0,0,0,0,0,0
4414.txt,32,0,0,2,0,42,0,1,0,33,0,1,0,1,0,0,0,0,0,0,0,0,0,0,0,0,0,0,0,1,5,156,0,0,0,28,0,0,0,3,0,0,0,0,0,0,2,0,0,0,0,0,0,1,0,0,15,0,0,0,0,0,28,0,0,1,0,0,0,0,0,0,0,0
4432.txt,0,0,0,0,0,0,0,0,0,2,0,0,0,0,0,0,0,0,4,0,0,0,0,0,0,0,0,0,0,0,0,18,0,0,0,0,0,0,0,0,0,0,0,0,0,0,0,0,2,0,0,0,7,0,0,0,2,0,0,0,0,0,0,0,0,0,0,0,0,1,0,0,0,0
4442.txt,1,0,0,0,0,0,0,0,0,9,0,0,0,1,0,1,0,0,0,0,0,0,0,0,0,0,0,0,0,0,1,22,0,0,0,0,0,0,0,0,0,2,0,0,0,0,0,0,0,0,0,0,0,0,0,0,0,0,0,0,0,0,0,0,0,0,0,0,0,0,0,0,0,0
4443.txt,0,0,0,2,0,0,0,0,0,0,0,0,0,0,0,0,0,0,0,0,0,0,0,0,0,0,0,0,0,0,0,13,0,0,0,3,0,0,0,0,0,0,0,0,0,0,0,0,0,0,0,0,0,0,0,0,0,0,0,0,0,0,1,0,0,0,0,0,0,0,0,0,0,0
4455.txt,40,0,0,1,0,17,7,0,0,38,0,0,0,0,0,0,3,0,1,0,0,0,0,0,0,0,0,2,0,2,0,226,0,17,0,30,0,0,1,3,0,10,0,0,0,0,10,0,4,0,0,0,5,0,1,2,24,1,3,0,0,0,29,0,0,2,0,0,0,0,0,0,0,0
4470.txt,0,0,0,0,0,0,0,0,0,1,0,0,0,0,0,0,0,0,0,0,0,0,0,0,0,0,0,0,0,0,0,5,0,0,0,0,0,0,0,0,0,0,0,0,0,0,0,0,0,0,0,0,0,0,0,0,0,0,0,0,0,0,0,0,0,0,0,0,0,0,0,0,0,0
4476.txt,0,0,0,0,0,0,0,0,0,0,0,0,0,0,0,0,0,0,0,0,0,0,0,0,1,0,0,0,0,0,0,8,0,0,0,0,0,0,0,0,0,0,0,0,0,0,0,0,0,0,0,0,0,0,0,0,0,0,0,0,0,0,0,0,0,0,0,0,0,0,0,0,0,0
4477.txt,0,0,0,1,0,0,1,0,0,5,0,0,0,0,1,1,0,0,0,0,0,0,0,0,1,0,2,0,0,0,9,96,0,1,0,1,0,0,2,0,0,2,1,0,0,0,1,0,1,0,0,0,6,1,0,0,1,0,0,0,0,0,0,0,0,1,0,0,0,0,0,0,0,0
4488.txt,14,0,0,0,0,1,3,0,0,14,0,1,0,0,0,0,0,0,0,0,0,0,0,0,0,0,2,0,0,0,1,80,0,0,0,1,0,0,1,0,0,7,0,0,0,0,0,0,0,0,0,0,0,0,0,0,3,0,0,0,0,0,9,0,0,0,0,0,0,0,0,0,0,0
4496.txt,0,0,0,2,0,0,0,0,0,0,0,2,0,1,0,0,0,0,0,0,0,0,0,0,0,0,0,0,0,1,4,15,0,0,0,0,0,0,0,0,0,0,0,0,0,0,0,0,0,0,0,0,0,0,0,0,0,0,0,0,0,0,0,0,0,0,0,0,0,0,0,0,0,0
4514.txt,7,0,0,2,8,15,29,0,0,8,0,0,0,0,0,0,0,0,0,0,0,0,0,12,0,0,2,0,0,12,0,40,0,0,0,0,1,0,0,0,0,10,0,0,0,0,1,0,0,0,0,0,0,0,0,0,0,1,0,0,0,0,2,1,0,0,0,1,0,0,0,0,5,0
4515.txt,0,0,0,0,0,0,0,0,0,0,0,0,0,0,0,0,0,0,0,0,0,2,0,0,0,0,0,0,0,0,0,10,0,0,0,0,0,0,0,1,0,4,0,0,0,0,0,0,1,0,0,0,2,0,0,0,1,0,0,0,0,0,0,0,0,0,0,0,0,0,0,0,0,0
4520.txt,0,0,0,0,0,0,0,0,0,5,0,0,0,0,0,0,0,0,0,0,0,0,0,0,1,0,0,0,0,0,0,84,0,0,0,0,0,0,1,1,0,0,0,0,0,0,0,0,6,0,0,0,10,0,0,0,0,1,0,0,0,0,0,1,0,0,0,0,0,0,0,0,0,0
4538.txt,0,0,0,0,0,0,0,0,0,1,0,0,0,0,0,0,0,0,0,8,0,0,0,0,0,0,2,0,0,0,0,22,0,1,0,0,0,0,0,0,0,0,0,0,0,0,0,0,0,0,0,0,0,0,0,0,0,1,0,0,0,0,0,0,0,0,0,0,0,0,0,0,0,0
4539.txt,0,0,0,0,0,0,0,0,0,0,0,0,0,0,0,0,0,0,0,0,0,0,0,0,0,0,0,0,0,0,0,7,0,0,0,0,0,0,0,0,0,0,0,0,0,0,0,0,0,0,0,0,0,0,0,0,0,0,0,0,0,0,2,0,0,0,0,0,0,0,0,0,0,0
4542.txt,0,0,0,0,0,0,0,0,0,0,0,0,0,0,0,0,0,0,0,0,0,0,0,0,0,0,0,0,0,0,0,12,0,0,0,0,0,0,0,0,0,0,0,0,0,0,0,0,0,0,0,0,0,0,0,0,0,0,0,0,0,0,3,0,0,0,0,0,0,0,0,0,0,0
4545.txt,28,0,0,4,9,28,49,0,0,28,0,0,4,0,0,0,0,0,0,0,0,1,0,20,4,0,4,0,0,7,0,149,0,1,0,17,0,0,0,0,0,20,0,0,0,0,2,0,0,0,0,0,0,2,0,5,14,2,0,0,0,0,20,2,0,0,1,0,0,0,0,0,0,0
4549.txt,30,0,0,4,0,2,0,0,0,31,2,0,0,1,0,1,0,0,0,0,0,0,0,0,0,0,0,3,0,1,5,125,0,3,0,2,0,0,0,0,0,4,0,0,0,0,0,0,1,0,0,0,0,0,0,0,8,0,0,0,0,0,20,0,0,0,0,0,0,0,0,0,0,0
4554.txt,0,0,0,0,1,0,1,0,0,1,0,0,0,0,0,0,2,0,0,0,0,0,0,0,0,0,0,0,0,0,0,7,0,0,0,0,0,0,0,0,0,0,0,0,0,0,0,0,0,0,0,0,0,0,0,0,0,0,0,0,0,0,4,0,0,0,0,0,0,0,0,0,0,0
4562.txt,20,0,0,8,0,9,0,0,0,22,0,0,5,0,0,0,0,0,3,0,0,0,0,0,0,0,0,0,0,0,6,189,0,0,0,14,0,0,1,0,0,22,0,1,0,0,2,0,0,0,0,0,3,1,0,0,15,0,0,0,0,0,21,0,0,1,0,0,0,0,0,0,0,0
4580.txt,0,0,0,2,0,1,0,0,0,2,0,0,0,0,0,0,0,0,3,0,0,3,0,0,0,0,0,0,0,1,0,13,0,0,0,2,0,0,1,0,0,0,0,0,0,0,0,0,1,0,0,0,3,0,0,0,8,0,0,0,0,0,2,0,0,0,0,0,0,0,0,0,0,0
4603.txt,41,0,2,1,59,104,148,0,0,43,0,0,0,0,0,0,0,0,2,0,0,1,3,92,0,0,7,0,0,42,0,276,0,0,0,20,0,0,0,1,0,105,0,0,0,0,1,0,0,0,0,0,2,1,0,0,21,0,0,13,0,0,17,0,2,2,0,0,0,0,0,0,0,0
4619.txt,0,0,0,0,0,0,0,0,0,0,0,0,0,0,0,0,0,0,0,0,0,0,0,0,2,0,0,0,0,0,0,12,0,0,0,0,0,0,0,1,0,2,0,0,0,0,2,0,1,0,0,0,0,2,1,0,0,0,0,0,0,0,0,0,0,0,0,0,0,0,0,0,0,0
4621.txt,0,0,0,0,0,0,0,1,0,0,0,0,0,0,0,0,0,0,0,0,0,0,0,0,0,0,0,0,0,0,0,22,0,0,0,0,0,0,0,0,0,5,0,0,0,0,0,0,8,0,0,0,0,0,0,0,0,0,0,0,0,0,0,0,0,0,0,0,0,0,0,0,2,0
4638.txt,0,0,0,0,1,0,2,0,0,0,0,0,0,0,0,0,0,0,0,0,0,0,0,0,0,0,0,0,0,2,0,10,0,0,0,0,0,0,0,0,0,0,0,0,0,0,0,0,0,0,0,0,0,0,0,0,0,1,0,0,0,0,0,0,0,0,1,0,0,0,0,0,0,0
4661.txt,0,0,0,0,0,2,0,1,0,1,0,0,0,0,0,1,0,0,0,0,0,0,0,0,0,0,0,0,0,0,0,22,0,1,0,0,0,0,0,0,0,0,0,0,0,0,0,0,0,0,0,0,0,0,0,0,0,0,0,0,0,0,0,0,0,0,0,0,0,0,0,0,0,0
4665.txt,0,0,0,6,3,0,5,0,0,0,0,0,0,0,0,0,0,0,0,0,0,0,0,3,1,0,0,0,0,3,0,18,0,0,0,2,0,0,0,0,2,0,0,0,0,0,1,0,0,0,0,0,0,0,0,0,0,0,0,0,0,0,2,0,0,3,0,0,0,0,1,0,0,0
4692.txt,0,0,0,1,0,0,0,0,0,2,0,0,0,0,0,0,0,0,0,0,0,0,0,0,0,0,0,0,0,0,1,18,0,1,0,0,0,0,0,0,0,0,0,0,0,0,1,0,0,0,0,0,4,0,1,0,0,0,0,0,0,0,1,0,0,0,0,0,0,0,0,0,0,0
4693.txt,0,0,0,1,0,0,0,9,0,0,0,0,0,0,0,0,0,0,3,0,0,0,0,0,0,0,0,0,0,0,0,21,0,0,0,0,0,0,0,0,0,1,0,0,0,0,0,0,0,0,0,0,4,0,2,0,0,0,0,0,0,0,0,0,0,0,0,0,0,0,0,0,0,0
4695.txt,20,0,0,0,0,0,0,0,0,24,0,0,1,0,0,0,0,0,0,0,0,1,0,0,0,0,0,0,0,10,6,239,0,0,0,0,0,0,1,0,0,13,0,0,0,0,0,0,0,0,0,0,8,0,4,0,0,0,0,0,0,0,20,0,0,0,2,0,0,6,0,0,1,0
4712.txt,1,0,0,0,0,1,6,0,0,3,0,0,1,1,0,0,0,0,1,0,0,0,0,0,0,0,0,0,0,1,5,28,0,0,0,1,0,0,0,0,0,0,0,0,0,0,0,0,0,0,0,0,1,0,3,0,1,0,0,0,0,0,1,0,0,0,0,0,0,0,0,0,0,0
4716.txt,0,0,0,0,0,0,0,0,0,0,0,0,0,0,0,0,0,0,0,0,0,0,0,0,0,0,0,0,0,0,0,2,0,0,0,0,0,0,0,0,0,0,0,0,0,0,0,0,0,0,0,0,0,0,0,0,0,0,0,0,0,0,0,0,0,0,0,0,0,0,0,0,0,0
4729.txt,0,0,0,3,0,0,0,0,0,0,0,0,0,0,0,0,0,0,0,0,0,0,0,0,0,0,0,0,0,0,0,6,0,0,0,0,0,0,1,0,0,0,0,0,0,0,0,0,0,0,1,0,0,0,0,0,0,0,0,0,0,0,0,0,0,0,1,0,0,0,0,0,0,0
4752.txt,0,0,0,0,0,0,0,0,0,0,0,0,0,0,0,0,0,0,0,0,0,0,0,0,0,0,0,0,0,0,0,10,0,0,0,0,0,0,0,0,0,1,0,0,0,0,0,0,1,0,0,0,0,0,1,0,0,0,0,0,0,0,0,0,0,0,0,0,0,0,0,0,0,0
4779.txt,16,0,0,0,0,4,2,0,0,17,0,0,0,0,0,0,0,0,0,3,0,0,0,0,0,0,0,0,0,1,0,73,0,0,0,1,0,0,1,0,0,3,0,0,0,0,0,0,0,0,0,0,0,0,0,0,4,0,0,0,0,0,6,0,0,0,0,0,0,0,0,2,0,0
479.txt,4,0,1,7,0,6,3,0,0,5,0,0,0,1,0,0,2,0,0,0,0,1,0,0,5,0,0,1,0,1,0,40,0,1,0,2,0,0,1,0,0,0,0,0,0,0,1,0,0,0,1,0,0,0,0,0,0,0,0,0,0,0,1,0,0,1,0,0,0,0,0,0,0,0
4796.txt,0,0,0,1,0,1,0,1,0,2,0,0,0,0,0,0,2,0,0,0,0,0,0,0,0,0,0,0,0,1,1,18,1,0,0,0,0,0,0,0,0,0,0,0,0,0,0,0,0,0,0,0,0,0,0,0,2,0,0,0,0,0,0,0,0,0,0,0,0,0,0,0,0,0
4810.txt,0,0,0,0,0,1,0,0,0,0,0,0,0,0,0,0,0,0,0,0,0,0,0,0,0,0,0,0,0,0,0,18,0,0,0,0,0,0,0,0,0,4,0,0,0,0,0,0,4,0,0,0,0,0,0,0,0,0,0,0,0,0,1,0,0,0,1,0,0,0,0,0,0,0
4812.txt,66,0,0,8,6,64,49,0,4,69,1,0,0,0,0,3,2,0,14,0,0,1,7,23,2,0,21,18,0,22,0,516,0,18,0,20,3,0,0,0,0,9,0,0,11,36,5,0,2,0,0,0,14,0,0,3,23,0,0,0,0,0,4,0,0,0,0,0,0,0,0,0,0,0
483.txt,0,0,0,2,0,0,1,0,0,1,0,0,0,0,0,0,1,0,3,0,0,0,0,0,3,0,0,0,0,0,0,14,0,0,0,0,0,0,0,0,0,0,0,0,0,0,0,0,0,0,0,0,3,0,0,0,2,0,0,0,0,0,1,0,1,0,0,0,2,0,0,0,0,0
4849.txt,0,0,0,1,0,0,1,0,0,0,0,0,0,0,0,0,0,0,0,1,0,0,0,0,0,0,0,0,0,0,0,13,0,0,0,0,0,0,0,0,0,0,0,0,0,0,0,0,0,0,0,0,0,0,0,0,0,0,0,0,0,0,0,0,0,0,0,0,0,0,0,0,0,0
4866.txt,0,0,0,0,0,0,0,0,0,0,0,0,0,0,0,0,0,0,0,0,0,0,0,0,0,0,0,0,0,0,0,10,0,0,0,0,0,0,0,0,0,0,0,0,0,0,0,0,0,0,0,0,0,0,0,0,0,0,0,0,0,0,0,0,1,0,0,0,0,0,1,0,0,0
4873.txt,22,0,0,3,12,38,43,0,1,26,2,0,0,0,0,0,0,0,1,0,0,1,2,20,0,0,10,0,0,10,0,191,0,2,0,11,3,0,1,0,0,22,3,0,0,0,1,0,0,0,0,0,1,0,0,4,11,0,0,0,0,0,20,0,0,0,0,0,0,0,0,0,0,0
488.txt,0,0,0,1,0,0,0,0,0,0,0,0,0,0,0,0,0,0,1,0,0,0,0,0,4,0,0,0,0,0,0,13,0,0,2,0,0,0,0,0,0,4,0,0,0,0,1,0,0,0,0,0,8,1,2,0,0,0,0,0,0,0,0,0,0,0,0,0,0,0,0,0,0,0
4895.txt,3,0,0,1,0,1,0,0,1,5,0,0,0,0,0,2,0,0,0,0,0,0,0,0,0,0,0,3,0,0,0,26,0,3,0,0,0,0,0,0,0,0,0,0,0,0,1,0,0,0,0,0,0,0,0,0,1,0,0,0,0,0,1,0,0,0,0,0,0,0,0,0,1,0
4899.txt,0,0,0,0,0,0,0,0,0,0,0,0,0,0,0,0,0,0,0,0,0,0,0,0,0,0,1,0,0,0,0,15,0,0,0,0,0,0,0,0,0,0,0,0,0,0,0,0,0,0,0,0,0,0,0,0,0,0,0,0,0,0,1,0,0,0,0,0,0,2,0,0,0,0
4907.txt,4,0,0,0,0,8,5,4,0,8,0,0,0,1,0,2,0,0,11,0,0,0,0,0,1,0,0,1,0,0,0,58,0,1,0,3,0,0,0,2,0,9,0,0,0,0,2,0,0,0,0,0,26,2,0,0,8,0,0,0,0,0,6,0,0,2,0,0,0,0,0,0,0,0
4944.txt,2,0,0,0,0,0,1,3,0,12,0,0,0,0,0,0,3,0,0,0,0,0,0,0,9,0,0,0,0,0,0,54,0,0,0,0,0,0,2,0,0,2,0,1,0,0,0,0,0,0,0,0,2,0,0,0,4,0,0,0,0,0,0,0,0,0,1,0,0,0,1,0,0,0
4949.txt,0,0,0,2,0,4,0,0,0,0,1,0,0,0,0,0,0,0,0,0,0,0,0,0,0,0,0,0,0,0,0,14,0,0,0,3,0,0,0,1,0,2,0,0,0,0,0,0,1,0,0,0,8,0,0,0,0,0,0,0,0,0,6,0,0,0,0,0,0,0,0,0,0,0
4960.txt,17,0,0,0,0,20,5,0,0,17,0,0,0,0,0,1,11,0,0,0,0,0,0,0,1,0,3,3,0,1,0,101,0,5,0,2,0,0,0,0,0,7,0,0,0,0,0,0,0,0,0,0,7,0,0,0,3,0,0,0,0,0,5,0,0,0,0,0,0,0,0,0,0,0
4983.txt,26,0,0,3,5,24,47,0,0,28,0,0,4,0,0,0,0,0,0,0,0,0,0,18,3,0,4,0,0,6,0,166,0,0,0,17,1,0,1,0,1,11,0,0,0,0,2,0,0,0,0,0,0,0,0,3,34,0,0,0,0,0,18,0,0,0,1,0,0,0,0,0,0,0
4984.txt,0,0,0,0,0,0,2,0,0,2,0,0,1,0,0,0,0,0,0,18,0,0,0,0,0,0,1,0,0,0,1,77,0,0,0,0,0,0,1,2,0,1,0,1,0,0,0,0,1,0,0,0,0,0,1,0,2,1,0,0,0,0,2,0,0,0,0,0,12,0,0,0,0,0
4985.txt,28,0,0,3,19,44,61,0,0,33,2,0,0,0,0,0,2,0,2,0,0,1,0,21,0,0,5,1,0,9,0,215,0,1,0,18,3,0,0,0,1,22,1,0,0,0,3,0,2,0,0,0,2,0,0,8,21,0,0,0,0,0,20,0,0,1,0,0,0,1,0,0,0,0
5001.txt,0,0,0,1,0,0,3,0,0,0,0,0,0,0,0,0,0,0,0,0,0,1,0,0,0,0,0,0,0,0,0,4,0,0,0,0,0,0,0,0,0,0,0,0,0,0,0,0,0,0,0,0,0,0,0,0,0,0,0,0,0,0,0,0,0,0,0,0,0,0,0,0,0,0
5011.txt,0,0,0,0,0,0,0,0,0,0,0,0,0,0,0,0,0,0,0,0,0,0,0,0,0,0,0,0,0,0,1,8,0,0,0,0,0,0,0,0,0,0,0,0,0,0,0,0,1,0,0,0,0,0,0,0,0,0,0,0,0,0,0,0,0,0,0,0,0,0,0,0,0,0
5018.txt,0,0,0,0,0,0,0,0,0,0,0,0,0,1,0,0,0,0,0,0,0,0,0,0,0,0,0,0,0,0,0,11,0,0,0,2,0,0,0,0,0,0,0,0,0,0,0,0,0,0,0,0,0,0,0,0,0,0,0,0,0,0,0,0,0,0,0,0,0,0,0,0,0,0
5022.txt,0,0,0,0,0,0,0,0,0,0,0,0,0,0,0,0,0,0,0,0,0,0,0,0,1,0,0,0,0,0,0,9,0,0,0,0,0,0,0,0,0,1,0,0,0,0,0,0,0,0,0,0,0,0,0,0,0,0,0,0,0,0,0,0,0,0,0,0,0,0,0,0,0,0
5025.txt,9,0,0,3,19,23,78,0,2,10,0,0,1,0,0,0,0,0,0,0,0,0,0,31,0,0,10,0,0,15,0,81,0,0,0,0,7,0,1,0,0,32,0,0,0,0,3,0,0,0,0,0,0,1,0,0,1,0,0,0,0,0,0,0,0,0,0,0,0,0,0,0,0,0
5033.txt,0,0,0,0,0,0,0,0,0,0,0,0,0,0,0,0,0,0,0,0,0,0,0,0,0,0,0,0,0,0,0,8,0,0,0,0,0,0,0,0,0,0,0,0,0,0,0,0,0,0,0,0,0,0,0,0,0,0,0,0,0,0,0,0,0,0,0,0,0,1,0,0,0,0
504.txt,0,0,0,0,0,0,0,0,0,0,0,2,0,4,0,0,0,0,0,0,0,0,0,0,0,0,0,0,0,0,14,32,0,0,0,0,0,0,1,1,0,0,0,0,0,0,0,0,0,0,0,0,0,0,1,0,0,0,0,0,0,0,0,0,0,0,0,0,0,0,0,0,0,0
5045.txt,13,0,0,2,31,31,81,0,2,14,0,0,0,2,0,0,0,0,0,0,0,0,0,38,0,0,0,0,0,20,0,62,0,0,0,0,0,0,0,0,1,48,0,0,0,0,4,0,0,0,0,0,0,0,0,0,0,0,0,0,0,0,0,0,0,0,0,2,0,0,0,0,0,0
5046.txt,0,0,0,0,0,0,5,0,0,0,0,0,0,0,0,0,0,0,0,0,0,0,0,2,0,0,0,0,0,0,0,12,0,0,0,0,0,0,0,0,0,0,0,0,0,0,2,0,0,0,0,0,0,1,0,0,0,0,0,0,0,0,0,0,0,0,0,0,0,0,0,0,0,0
5052.txt,0,0,0,0,0,0,0,0,0,0,0,0,0,1,0,0,0,0,0,0,0,0,0,0,0,0,0,0,0,0,0,9,0,0,0,1,0,0,0,0,0,7,0,0,0,0,0,0,0,0,0,0,0,0,0,0,0,0,0,0,0,0,1,0,0,0,0,0,0,0,0,0,0,0
5053.txt,0,0,0,0,0,0,0,0,0,0,0,0,0,0,0,0,0,0,0,0,0,0,0,0,0,0,0,0,0,0,0,8,0,0,0,0,0,0,0,1,0,0,0,0,0,0,0,0,0,0,0,0,0,0,0,0,0,0,0,0,0,0,0,0,0,0,0,0,0,0,0,0,0,0
5063.txt,0,0,0,0,0,1,2,0,0,0,0,0,0,0,0,0,0,0,0,0,0,0,0,0,0,0,0,0,0,0,1,17,0,0,0,1,0,0,1,0,0,3,0,0,0,0,1,0,0,0,0,0,3,1,0,0,0,0,0,0,0,0,2,0,0,0,0,0,0,0,0,0,0,0
5070.txt,0,0,0,0,0,0,0,0,0,0,0,0,0,0,0,0,0,0,0,0,0,0,0,0,0,0,0,0,0,0,0,6,0,0,0,0,0,0,0,0,0,0,0,0,0,0,0,0,0,0,0,0,2,0,0,0,0,0,0,0,0,0,0,0,0,0,0,0,0,0,0,0,0,0
5071.txt,0,0,0,0,0,0,0,0,0,0,0,0,0,0,0,0,0,0,0,0,0,0,0,0,0,0,0,0,0,0,0,8,0,0,0,0,0,0,0,0,0,0,0,0,0,0,0,0,0,0,0,0,0,0,0,0,0,0,0,0,0,0,0,0,0,0,0,0,0,0,0,0,0,0
5074.txt,57,0,0,7,36,54,104,0,7,59,0,0,4,0,1,0,0,0,0,0,0,2,0,40,0,0,28,3,0,18,0,415,0,6,0,36,18,0,0,0,1,45,0,0,0,0,13,0,0,0,0,0,0,0,1,0,43,0,1,0,0,0,32,0,0,0,0,0,0,0,0,7,0,0
5079.txt,0,0,0,2,1,0,3,0,0,2,0,0,0,1,0,1,0,0,0,5,0,0,0,0,0,0,0,0,0,1,0,21,0,0,0,0,0,0,0,1,0,0,0,0,0,0,0,0,4,0,0,0,0,0,0,0,0,0,0,0,0,0,0,0,0,0,0,0,2,0,0,0,0,0
5080.txt,0,0,0,0,0,0,0,0,0,1,0,0,0,0,0,0,0,0,0,0,0,0,0,0,0,0,0,0,0,0,0,6,0,0,0,0,0,0,0,0,0,0,0,0,0,0,0,0,0,0,0,0,0,0,0,1,0,0,0,0,0,0,0,0,0,0,0,0,0,0,0,0,0,0
525.txt,2,0,0,0,0,0,0,0,0,2,0,0,0,0,0,0,0,0,0,0,0,0,0,0,0,0,0,0,0,0,0,39,0,1,0,0,0,0,0,0,0,3,0,0,0,0,0,0,0,0,0,0,0,0,0,0,1,1,0,0,0,0,0,1,0,0,0,0,0,0,0,0,0,0
527.txt,0,0,0,0,0,0,1,0,0,1,0,0,1,0,0,0,0,0,0,0,0,0,0,0,0,0,0,0,0,0,0,6,0,0,0,0,0,0,0,0,0,0,0,0,0,0,0,0,0,0,0,0,0,0,0,0,0,0,0,0,0,0,0,0,0,0,0,0,0,0,0,0,0,0
530.txt,0,0,0,0,0,0,0,0,0,2,0,0,0,1,0,0,0,0,4,0,0,0,0,0,0,0,0,0,0,0,0,81,0,0,0,2,0,0,0,0,0,0,0,0,0,0,0,0,5,0,0,0,4,0,0,0,2,0,0,0,0,0,2,0,0,0,0,0,0,0,0,0,0,0
582.txt,0,0,0,1,0,0,1,0,0,1,1,0,0,1,0,0,0,0,0,0,0,0,0,0,0,0,0,0,0,0,1,12,0,0,0,3,0,0,2,0,0,1,0,0,0,0,2,0,0,0,0,0,0,2,0,0,0,0,0,0,0,0,1,0,0,0,0,0,0,0,0,0,0,0
595.txt,0,0,0,2,0,2,4,0,0,4,0,0,0,0,0,0,1,0,0,0,0,4,0,2,0,0,0,0,0,1,0,30,0,0,0,7,0,0,0,3,0,2,0,0,0,0,0,0,0,0,0,0,0,0,0,0,1,0,0,0,0,0,0,0,0,0,0,0,0,0,0,0,0,0
618.txt,0,0,0,0,0,0,0,0,0,1,0,0,0,0,1,0,0,0,1,0,0,0,0,0,0,0,0,0,0,0,0,12,0,0,0,0,0,0,0,0,0,0,0,0,0,0,0,0,0,0,0,0,1,0,0,0,0,0,0,0,0,0,0,0,0,0,1,0,0,1,0,0,0,0
630.txt,9,0,0,0,0,1,1,8,0,9,0,0,0,0,0,0,0,0,1,5,0,2,0,0,0,0,0,0,0,4,0,89,0,0,0,3,0,0,1,0,0,2,0,1,0,0,2,0,0,0,0,0,2,2,0,0,4,0,0,0,0,0,8,0,0,0,0,0,0,3,0,0,0,0
634.txt,0,0,0,0,0,0,0,0,0,0,0,0,0,4,0,0,0,0,0,0,0,0,0,0,0,0,0,0,0,1,2,61,0,1,0,0,0,0,0,0,0,7,0,0,0,0,0,0,0,0,0,0,0,0,1,0,0,0,0,0,0,0,0,0,0,0,1,0,0,1,0,0,1,0
638.txt,1,0,0,0,0,1,0,0,0,1,0,0,0,1,0,0,0,0,0,0,0,0,0,0,0,0,0,0,0,1,0,56,0,1,0,6,0,0,0,1,1,5,0,0,0,0,0,0,1,0,0,0,0,0,0,0,0,0,1,0,0,0,3,0,0,0,0,0,0,0,0,0,0,0
655.txt,0,0,0,1,0,0,0,0,0,0,0,0,0,3,0,0,0,0,4,0,0,0,0,0,0,0,0,0,0,0,0,10,0,0,0,0,0,0,0,0,0,0,0,0,0,0,0,0,0,0,0,0,5,0,0,0,0,0,0,0,0,0,0,0,0,3,0,0,0,0,0,0,0,0
680.txt,7,0,0,0,0,8,3,0,0,7,0,0,0,0,0,0,0,0,0,0,0,0,0,0,0,0,0,0,0,0,0,59,0,0,0,2,0,0,2,2,0,5,1,0,0,0,3,0,0,0,0,0,3,2,1,0,0,0,0,0,0,0,1,0,0,0,0,0,0,0,0,0,1,0
682.txt,0,0,0,3,0,0,3,0,0,0,0,0,0,0,0,0,0,0,0,0,0,0,0,2,0,0,0,0,0,0,0,7,0,0,0,2,0,0,0,0,0,0,0,0,0,0,0,0,0,0,0,0,0,0,0,0,0,0,0,0,0,0,0,0,0,0,0,0,0,0,0,0,0,0
718.txt,0,0,0,0,0,1,21,0,0,0,0,5,0,5,0,0,0,0,0,0,0,0,0,0,0,0,0,0,0,0,0,8,0,0,0,0,0,0,2,0,0,2,0,0,0,0,0,0,0,0,0,0,0,0,0,0,0,0,2,0,0,0,0,0,0,1,0,0,0,0,0,0,0,0
728.txt,13,0,0,0,0,5,2,0,0,16,0,0,0,2,2,0,0,0,4,0,0,0,1,0,1,0,1,1,0,0,0,120,0,1,0,4,0,0,2,2,0,0,0,0,0,0,0,0,0,0,0,0,4,0,0,6,7,0,0,0,0,0,3,0,0,0,0,0,0,0,0,3,1,0
737.txt,1,0,0,0,0,0,0,0,0,1,0,0,0,0,0,0,0,0,0,0,0,0,0,0,0,0,0,0,0,0,0,26,0,0,0,0,0,0,0,0,0,0,0,0,0,0,0,0,0,0,0,0,0,0,0,0,1,1,0,0,0,0,0,0,0,0,0,0,1,0,0,0,0,0
783.txt,0,0,1,0,0,0,0,0,0,2,0,0,0,0,0,6,0,0,0,0,0,0,0,0,0,0,0,0,0,0,0,37,0,1,0,2,0,0,0,1,0,0,0,0,0,0,4,0,0,0,0,0,1,1,1,0,0,0,0,0,0,0,1,0,0,2,0,0,0,3,0,0,0,0
787.txt,9,0,0,4,0,3,9,0,0,16,0,0,1,0,0,0,0,0,0,0,0,0,0,2,1,0,0,0,0,2,1,82,0,0,0,2,0,0,1,1,0,13,0,0,0,0,3,0,0,0,0,0,2,0,2,0,2,0,0,0,0,0,9,0,0,0,0,0,0,0,0,0,0,0
806.txt,0,0,0,0,0,0,0,0,0,1,0,2,0,1,0,0,0,0,0,0,0,0,0,0,0,0,0,0,0,0,0,18,0,0,0,0,0,0,0,0,0,0,0,0,0,0,0,0,0,0,0,0,0,0,0,0,0,0,0,0,0,0,0,0,0,0,0,0,0,0,0,0,0,0
856.txt,0,0,0,0,0,0,0,0,0,1,0,0,0,0,0,0,0,0,0,0,0,0,0,0,0,0,0,0,0,0,0,5,0,0,0,0,0,0,0,0,0,2,1,0,0,0,0,0,0,0,0,0,0,0,0,0,0,0,0,0,0,0,0,0,0,0,0,0,0,0,0,0,0,0
90.txt,1,0,0,0,0,1,0,1,0,3,0,0,0,0,0,0,0,0,1,0,0,1,0,0,0,0,0,0,0,0,0,24,0,0,0,0,0,0,0,2,0,0,0,0,0,0,0,0,1,0,0,0,1,0,0,0,6,0,0,0,0,0,0,0,0,0,0,0,0,0,1,0,0,0
903.txt,4,0,0,0,0,3,15,1,0,4,0,0,0,0,0,0,0,0,0,0,0,0,0,9,0,0,0,0,0,0,0,36,0,0,0,0,0,0,0,2,0,1,0,0,0,0,0,0,0,0,0,0,0,0,0,0,2,0,0,0,0,0,0,0,0,1,0,0,0,0,0,0,0,0
939.txt,54,0,0,8,0,62,0,0,0,59,3,0,0,3,0,0,0,0,0,0,0,2,0,0,0,0,0,0,0,2,8,238,0,7,0,21,0,0,1,2,0,25,0,0,0,0,0,0,0,0,0,0,1,0,1,0,14,0,0,0,0,0,28,0,0,0,0,0,0,3,0,0,0,0
94.txt,1,0,0,0,0,0,2,0,0,4,0,0,0,2,0,0,0,0,0,0,0,0,0,0,0,0,0,0,0,3,1,79,0,1,0,0,0,0,2,0,2,7,0,0,0,0,0,0,1,0,2,0,0,0,1,0,0,0,0,0,0,0,0,0,0,0,0,0,0,0,0,0,1,0
961.txt,12,0,0,4,0,13,4,0,0,13,0,0,0,0,0,0,0,0,0,0,0,0,0,1,1,0,0,0,0,2,0,60,0,0,0,3,0,0,0,0,1,10,1,0,0,0,0,0,0,0,0,0,3,0,0,0,3,0,0,0,0,0,8,0,0,0,0,0,0,0,0,2,0,0
966.txt,2,0,0,0,0,9,2,1,0,4,0,0,0,5,0,1,1,0,2,0,0,0,0,0,1,0,0,0,0,0,4,139,0,1,0,9,0,0,0,2,0,15,0,0,0,0,0,0,1,0,0,0,7,0,2,0,5,0,0,0,0,0,11,0,0,10,0,0,0,1,0,0,0,0
972.txt,0,0,0,1,0,3,4,0,0,3,0,0,0,0,0,0,0,0,1,0,0,0,0,3,1,0,0,0,0,0,1,42,0,0,0,0,0,0,0,1,0,4,1,0,0,0,1,0,0,0,0,0,1,0,0,0,0,2,0,0,0,0,0,1,0,2,0,0,0,0,0,0,0,0
998.txt,0,0,0,0,4,0,6,0,0,4,0,0,0,0,0,0,0,0,0,0,0,0,0,2,0,0,0,0,0,5,0,13,0,1,0,0,0,0,0,0,0,0,0,0,0,0,0,0,0,0,0,0,0,0,0,0,4,0,0,0,0,0,0,0,0,0,0,0,0,0,0,0,0,0
